id,symbol,created_at,headline,source,n_symbols
100000,IRIS,2021-02-01T17:13:00+00:00,Iris Optics announces dividend hike and a new buyback program,synthetic,1
100001,JOLT,2021-02-01T17:35:00+00:00,Jolt Beverages cuts outlook as demand declines and an investigation weighs on shares,synthetic,1
100002,GALE,2021-02-01T18:15:00+00:00,Gale Airlines completes a previously announced facility relocation,synthetic,1
100003,GALE,2021-02-01T15:51:00+00:00,Gale Airlines schedules its quarterly earnings call date,synthetic,1
100004,DYNE,2021-02-01T15:15:00+00:00,Dyne Biolabs misses revenue estimates and warns of weak guidance,synthetic,1
100005,DYNE,2021-02-01T15:25:00+00:00,Dyne Biolabs tops quarterly profit estimates as revenue growth accelerates,synthetic,1
100006,CRUX,2021-02-01T20:00:00+00:00,Crux Semiconductors slumps on a profit warning and rising default risk,synthetic,1
100007,CRUX,2021-02-01T17:37:00+00:00,Crux Semiconductors cuts outlook as demand declines and an investigation weighs on shares,synthetic,1
100008,LUMN,2021-02-01T20:27:00+00:00,Lumen Softworks raises full-year guidance; analysts turn bullish,synthetic,1
100009,FLUX,2021-02-01T18:40:00+00:00,Flux Materials announces dividend hike and a new buyback program,synthetic,1
100010,BOLT,2021-02-01T17:28:00+00:00,Bolt Energy shares surge after upgrade to buy on strong demand,synthetic,1
100011,BOLT,2021-02-01T18:30:00+00:00,Bolt Energy to present at an industry conference next week,synthetic,1
100012,HALO,2021-02-01T19:47:00+00:00,Halo Health announces dividend hike and a new buyback program,synthetic,1
100013,ECHO,2021-02-01T18:46:00+00:00,Echo Networks schedules its quarterly earnings call date,synthetic,1
100014,ACME,2021-02-01T15:07:00+00:00,Acme Robotics cuts outlook as demand declines and an investigation weighs on shares,synthetic,1
100015,ACME,2021-02-01T17:35:00+00:00,"Acme Robotics faces a lawsuit and product recall, with layoffs expected",synthetic,1
100016,KILN,2021-02-01T18:23:00+00:00,Kiln Foods announces dividend hike and a new buyback program,synthetic,1
100017,KILN,2021-02-01T18:29:00+00:00,Kiln Foods raises full-year guidance; analysts turn bullish,synthetic,1
100018,CRUX,2021-02-02T17:11:00+00:00,Crux Semiconductors raises full-year guidance; analysts turn bullish,synthetic,1
100019,CRUX,2021-02-02T16:57:00+00:00,Crux Semiconductors tops quarterly profit estimates as revenue growth accelerates,synthetic,1
100020,HALO,2021-02-02T20:12:00+00:00,Halo Health to present at an industry conference next week,synthetic,1
100021,HALO,2021-02-02T14:40:00+00:00,Halo Health shares plunge after a downgrade on margin concerns,synthetic,1
100022,ECHO,2021-02-02T18:30:00+00:00,Echo Networks to present at an industry conference next week,synthetic,1
100023,BOLT,2021-02-02T17:26:00+00:00,Bolt Energy to present at an industry conference next week,synthetic,1
100024,BOLT,2021-02-02T20:16:00+00:00,Bolt Energy publishes its annual sustainability report,synthetic,1
100025,KILN,2021-02-02T15:43:00+00:00,Kiln Foods raises full-year guidance; analysts turn bullish,synthetic,1
100026,KILN,2021-02-02T17:51:00+00:00,Kiln Foods names a new chief operating officer,synthetic,1
100027,FLUX,2021-02-02T20:19:00+00:00,Flux Materials to present at an industry conference next week,synthetic,1
100028,DYNE,2021-02-02T16:48:00+00:00,Dyne Biolabs misses revenue estimates and warns of weak guidance,synthetic,1
100029,DYNE,2021-02-02T16:00:00+00:00,Dyne Biolabs shares plunge after a downgrade on margin concerns,synthetic,1
100030,GALE,2021-02-02T17:56:00+00:00,Gale Airlines to present at an industry conference next week,synthetic,1
100031,GALE,2021-02-02T17:24:00+00:00,Gale Airlines cuts outlook as demand declines and an investigation weighs on shares,synthetic,1
100032,LUMN,2021-02-02T14:43:00+00:00,Lumen Softworks to present at an industry conference next week,synthetic,1
100033,JOLT,2021-02-03T17:43:00+00:00,Jolt Beverages shares plunge after a downgrade on margin concerns,synthetic,1
100034,JOLT,2021-02-03T20:29:00+00:00,Jolt Beverages completes a previously announced facility relocation,synthetic,1
100035,CRUX,2021-02-03T14:36:00+00:00,Crux Semiconductors names a new chief operating officer,synthetic,1
100036,IRIS,2021-02-03T18:23:00+00:00,Iris Optics completes a previously announced facility relocation,synthetic,1
100037,IRIS,2021-02-03T19:35:00+00:00,Iris Optics misses revenue estimates and warns of weak guidance,synthetic,1
100038,KILN,2021-02-03T18:18:00+00:00,Kiln Foods announces dividend hike and a new buyback program,synthetic,1
100039,KILN,2021-02-03T17:37:00+00:00,Kiln Foods publishes its annual sustainability report,synthetic,1
100040,LUMN,2021-02-03T15:43:00+00:00,"Lumen Softworks wins major contract, boosting order backlog to a record",synthetic,1
100041,DYNE,2021-02-03T15:38:00+00:00,Dyne Biolabs tops quarterly profit estimates as revenue growth accelerates,synthetic,1
100042,FLUX,2021-02-03T19:42:00+00:00,Flux Materials names a new chief operating officer,synthetic,1
100043,HALO,2021-02-03T16:11:00+00:00,Halo Health tops quarterly profit estimates as revenue growth accelerates,synthetic,1
100044,HALO,2021-02-03T17:12:00+00:00,Halo Health names a new chief operating officer,synthetic,1
100045,ECHO,2021-02-03T20:12:00+00:00,Echo Networks slumps on a profit warning and rising default risk,synthetic,1
100046,GALE,2021-02-03T18:58:00+00:00,Gale Airlines completes a previously announced facility relocation,synthetic,1
100047,GALE,2021-02-03T17:06:00+00:00,Gale Airlines slumps on a profit warning and rising default risk,synthetic,1
100048,ACME,2021-02-03T18:48:00+00:00,Acme Robotics slumps on a profit warning and rising default risk,synthetic,1
100049,ACME,2021-02-03T16:03:00+00:00,Acme Robotics announces dividend hike and a new buyback program,synthetic,1
100050,ECHO,2021-02-04T14:52:00+00:00,Echo Networks tops quarterly profit estimates as revenue growth accelerates,synthetic,1
100051,LUMN,2021-02-04T19:24:00+00:00,Lumen Softworks names a new chief operating officer,synthetic,1
100052,ACME,2021-02-04T18:09:00+00:00,"Acme Robotics wins major contract, boosting order backlog to a record",synthetic,1
100053,ACME,2021-02-04T18:06:00+00:00,Acme Robotics misses revenue estimates and warns of weak guidance,synthetic,1
100054,JOLT,2021-02-04T15:19:00+00:00,"Jolt Beverages wins major contract, boosting order backlog to a record",synthetic,1
100055,KILN,2021-02-04T18:17:00+00:00,Kiln Foods shares plunge after a downgrade on margin concerns,synthetic,1
100056,KILN,2021-02-04T15:40:00+00:00,Kiln Foods misses revenue estimates and warns of weak guidance,synthetic,1
100057,HALO,2021-02-04T14:36:00+00:00,Halo Health misses revenue estimates and warns of weak guidance,synthetic,1
100058,HALO,2021-02-04T19:52:00+00:00,Halo Health completes a previously announced facility relocation,synthetic,1
100059,GALE,2021-02-04T19:59:00+00:00,Gale Airlines announces dividend hike and a new buyback program,synthetic,1
100060,GALE,2021-02-04T19:46:00+00:00,Gale Airlines completes a previously announced facility relocation,synthetic,1
100061,CRUX,2021-02-04T16:20:00+00:00,Crux Semiconductors schedules its quarterly earnings call date,synthetic,1
100062,CRUX,2021-02-04T17:09:00+00:00,Crux Semiconductors tops quarterly profit estimates as revenue growth accelerates,synthetic,1
100063,IRIS,2021-02-04T16:03:00+00:00,"Iris Optics wins major contract, boosting order backlog to a record",synthetic,1
100064,FLUX,2021-02-04T16:01:00+00:00,Flux Materials misses revenue estimates and warns of weak guidance,synthetic,1
100065,FLUX,2021-02-04T15:13:00+00:00,Flux Materials misses revenue estimates and warns of weak guidance,synthetic,1
100066,GALE,2021-02-05T17:58:00+00:00,"Gale Airlines wins major contract, boosting order backlog to a record",synthetic,1
100067,GALE,2021-02-05T19:19:00+00:00,Gale Airlines shares surge after upgrade to buy on strong demand,synthetic,1
100068,ACME,2021-02-05T14:40:00+00:00,Acme Robotics publishes its annual sustainability report,synthetic,1
100069,DYNE,2021-02-05T16:27:00+00:00,Dyne Biolabs announces dividend hike and a new buyback program,synthetic,1
100070,ECHO,2021-02-05T15:19:00+00:00,Echo Networks misses revenue estimates and warns of weak guidance,synthetic,1
100071,IRIS,2021-02-05T19:41:00+00:00,"Iris Optics wins major contract, boosting order backlog to a record",synthetic,1
100072,IRIS,2021-02-05T15:20:00+00:00,Iris Optics names a new chief operating officer,synthetic,1
100073,LUMN,2021-02-05T17:31:00+00:00,Lumen Softworks completes a previously announced facility relocation,synthetic,1
100074,LUMN,2021-02-05T16:52:00+00:00,Lumen Softworks misses revenue estimates and warns of weak guidance,synthetic,1
100075,HALO,2021-02-05T15:09:00+00:00,"Halo Health faces a lawsuit and product recall, with layoffs expected",synthetic,1
100076,HALO,2021-02-05T18:19:00+00:00,Halo Health misses revenue estimates and warns of weak guidance,synthetic,1
100077,KILN,2021-02-05T16:43:00+00:00,Kiln Foods publishes its annual sustainability report,synthetic,1
100078,KILN,2021-02-05T16:26:00+00:00,Kiln Foods shares plunge after a downgrade on margin concerns,synthetic,1
100079,ACME,2021-02-08T19:34:00+00:00,Acme Robotics tops quarterly profit estimates as revenue growth accelerates,synthetic,1
100080,ACME,2021-02-08T18:36:00+00:00,Acme Robotics misses revenue estimates and warns of weak guidance,synthetic,1
100081,HALO,2021-02-08T16:46:00+00:00,Halo Health shares surge after upgrade to buy on strong demand,synthetic,1
100082,HALO,2021-02-08T15:51:00+00:00,Halo Health shares plunge after a downgrade on margin concerns,synthetic,1
100083,CRUX,2021-02-08T19:38:00+00:00,Crux Semiconductors shares surge after upgrade to buy on strong demand,synthetic,1
100084,CRUX,2021-02-08T16:37:00+00:00,Crux Semiconductors raises full-year guidance; analysts turn bullish,synthetic,1
100085,FLUX,2021-02-08T16:21:00+00:00,Flux Materials slumps on a profit warning and rising default risk,synthetic,1
100086,FLUX,2021-02-08T19:05:00+00:00,Flux Materials tops quarterly profit estimates as revenue growth accelerates,synthetic,1
100087,ECHO,2021-02-08T19:34:00+00:00,Echo Networks tops quarterly profit estimates as revenue growth accelerates,synthetic,1
100088,ECHO,2021-02-08T18:57:00+00:00,Echo Networks tops quarterly profit estimates as revenue growth accelerates,synthetic,1
100089,KILN,2021-02-08T16:23:00+00:00,Kiln Foods announces dividend hike and a new buyback program,synthetic,1
100090,KILN,2021-02-08T18:15:00+00:00,Kiln Foods schedules its quarterly earnings call date,synthetic,1
100091,BOLT,2021-02-08T15:39:00+00:00,Bolt Energy misses revenue estimates and warns of weak guidance,synthetic,1
100092,BOLT,2021-02-08T16:24:00+00:00,Bolt Energy announces dividend hike and a new buyback program,synthetic,1
100093,DYNE,2021-02-08T18:53:00+00:00,"Dyne Biolabs wins major contract, boosting order backlog to a record",synthetic,1
100094,DYNE,2021-02-08T19:28:00+00:00,Dyne Biolabs schedules its quarterly earnings call date,synthetic,1
100095,IRIS,2021-02-08T18:52:00+00:00,"Iris Optics wins major contract, boosting order backlog to a record",synthetic,1
100096,IRIS,2021-02-08T20:09:00+00:00,Iris Optics misses revenue estimates and warns of weak guidance,synthetic,1
100097,JOLT,2021-02-08T16:09:00+00:00,Jolt Beverages shares surge after upgrade to buy on strong demand,synthetic,1
100098,JOLT,2021-02-08T19:00:00+00:00,Jolt Beverages shares plunge after a downgrade on margin concerns,synthetic,1
100099,LUMN,2021-02-08T19:50:00+00:00,Lumen Softworks announces dividend hike and a new buyback program,synthetic,1
100100,LUMN,2021-02-08T17:14:00+00:00,Lumen Softworks to present at an industry conference next week,synthetic,1
100101,GALE,2021-02-08T20:28:00+00:00,Gale Airlines cuts outlook as demand declines and an investigation weighs on shares,synthetic,1
100102,GALE,2021-02-08T19:34:00+00:00,Gale Airlines completes a previously announced facility relocation,synthetic,1
100103,BOLT,2021-02-09T17:24:00+00:00,Bolt Energy shares plunge after a downgrade on margin concerns,synthetic,1
100104,HALO,2021-02-09T17:47:00+00:00,Halo Health schedules its quarterly earnings call date,synthetic,1
100105,DYNE,2021-02-09T14:42:00+00:00,Dyne Biolabs shares plunge after a downgrade on margin concerns,synthetic,1
100106,CRUX,2021-02-09T19:29:00+00:00,Crux Semiconductors tops quarterly profit estimates as revenue growth accelerates,synthetic,1
100107,CRUX,2021-02-09T16:52:00+00:00,Crux Semiconductors names a new chief operating officer,synthetic,1
100108,FLUX,2021-02-09T20:03:00+00:00,Flux Materials to present at an industry conference next week,synthetic,1
100109,FLUX,2021-02-09T16:35:00+00:00,Flux Materials announces dividend hike and a new buyback program,synthetic,1
100110,LUMN,2021-02-09T20:01:00+00:00,Lumen Softworks names a new chief operating officer,synthetic,1
100111,LUMN,2021-02-09T15:07:00+00:00,Lumen Softworks raises full-year guidance; analysts turn bullish,synthetic,1
100112,IRIS,2021-02-09T15:38:00+00:00,Iris Optics announces dividend hike and a new buyback program,synthetic,1
100113,IRIS,2021-02-09T20:12:00+00:00,Iris Optics misses revenue estimates and warns of weak guidance,synthetic,1
100114,KILN,2021-02-09T15:42:00+00:00,Kiln Foods publishes its annual sustainability report,synthetic,1
100115,HALO,2021-02-10T16:18:00+00:00,Halo Health to present at an industry conference next week,synthetic,1
100116,HALO,2021-02-10T18:29:00+00:00,Halo Health publishes its annual sustainability report,synthetic,1
100117,FLUX,2021-02-10T15:55:00+00:00,"Flux Materials wins major contract, boosting order backlog to a record",synthetic,1
100118,KILN,2021-02-10T20:25:00+00:00,Kiln Foods tops quarterly profit estimates as revenue growth accelerates,synthetic,1
100119,KILN,2021-02-10T15:34:00+00:00,Kiln Foods raises full-year guidance; analysts turn bullish,synthetic,1
100120,GALE,2021-02-10T17:26:00+00:00,Gale Airlines completes a previously announced facility relocation,synthetic,1
100121,ACME,2021-02-10T19:38:00+00:00,Acme Robotics misses revenue estimates and warns of weak guidance,synthetic,1
100122,ACME,2021-02-10T19:11:00+00:00,Acme Robotics shares plunge after a downgrade on margin concerns,synthetic,1
100123,DYNE,2021-02-10T18:18:00+00:00,"Dyne Biolabs faces a lawsuit and product recall, with layoffs expected",synthetic,1
100124,JOLT,2021-02-10T20:10:00+00:00,Jolt Beverages raises full-year guidance; analysts turn bullish,synthetic,1
100125,BOLT,2021-02-10T15:38:00+00:00,Bolt Energy names a new chief operating officer,synthetic,1
100126,BOLT,2021-02-10T15:15:00+00:00,Bolt Energy shares surge after upgrade to buy on strong demand,synthetic,1
100127,LUMN,2021-02-10T16:01:00+00:00,Lumen Softworks publishes its annual sustainability report,synthetic,1
100128,LUMN,2021-02-10T19:28:00+00:00,Lumen Softworks names a new chief operating officer,synthetic,1
100129,CRUX,2021-02-10T17:31:00+00:00,Crux Semiconductors cuts outlook as demand declines and an investigation weighs on shares,synthetic,1
100130,GALE,2021-02-11T16:19:00+00:00,"Gale Airlines faces a lawsuit and product recall, with layoffs expected",synthetic,1
100131,GALE,2021-02-11T20:20:00+00:00,Gale Airlines slumps on a profit warning and rising default risk,synthetic,1
100132,DYNE,2021-02-11T15:34:00+00:00,Dyne Biolabs shares surge after upgrade to buy on strong demand,synthetic,1
100133,DYNE,2021-02-11T15:33:00+00:00,Dyne Biolabs completes a previously announced facility relocation,synthetic,1
100134,LUMN,2021-02-11T20:19:00+00:00,Lumen Softworks slumps on a profit warning and rising default risk,synthetic,1
100135,JOLT,2021-02-11T15:30:00+00:00,Jolt Beverages schedules its quarterly earnings call date,synthetic,1
100136,CRUX,2021-02-11T15:35:00+00:00,Crux Semiconductors raises full-year guidance; analysts turn bullish,synthetic,1
100137,FLUX,2021-02-11T19:20:00+00:00,Flux Materials cuts outlook as demand declines and an investigation weighs on shares,synthetic,1
100138,FLUX,2021-02-11T19:19:00+00:00,Flux Materials raises full-year guidance; analysts turn bullish,synthetic,1
100139,HALO,2021-02-11T19:25:00+00:00,"Halo Health faces a lawsuit and product recall, with layoffs expected",synthetic,1
100140,ECHO,2021-02-11T17:02:00+00:00,Echo Networks shares plunge after a downgrade on margin concerns,synthetic,1
100141,ECHO,2021-02-11T19:31:00+00:00,Echo Networks shares plunge after a downgrade on margin concerns,synthetic,1
100142,KILN,2021-02-11T17:03:00+00:00,Kiln Foods shares plunge after a downgrade on margin concerns,synthetic,1
100143,KILN,2021-02-11T17:43:00+00:00,Kiln Foods shares plunge after a downgrade on margin concerns,synthetic,1
100144,ACME,2021-02-11T18:53:00+00:00,"Acme Robotics wins major contract, boosting order backlog to a record",synthetic,1
100145,ACME,2021-02-11T20:15:00+00:00,"Acme Robotics wins major contract, boosting order backlog to a record",synthetic,1
100146,BOLT,2021-02-12T19:05:00+00:00,"Bolt Energy faces a lawsuit and product recall, with layoffs expected",synthetic,1
100147,IRIS,2021-02-12T15:53:00+00:00,Iris Optics shares plunge after a downgrade on margin concerns,synthetic,1
100148,DYNE,2021-02-12T17:37:00+00:00,Dyne Biolabs to present at an industry conference next week,synthetic,1
100149,HALO,2021-02-12T19:01:00+00:00,Halo Health slumps on a profit warning and rising default risk,synthetic,1
100150,JOLT,2021-02-12T17:05:00+00:00,"Jolt Beverages faces a lawsuit and product recall, with layoffs expected",synthetic,1
100151,JOLT,2021-02-12T19:28:00+00:00,Jolt Beverages slumps on a profit warning and rising default risk,synthetic,1
100152,KILN,2021-02-12T18:35:00+00:00,Kiln Foods names a new chief operating officer,synthetic,1
100153,KILN,2021-02-12T16:59:00+00:00,Kiln Foods cuts outlook as demand declines and an investigation weighs on shares,synthetic,1
100154,ACME,2021-02-12T15:34:00+00:00,Acme Robotics raises full-year guidance; analysts turn bullish,synthetic,1
100155,FLUX,2021-02-12T17:20:00+00:00,Flux Materials raises full-year guidance; analysts turn bullish,synthetic,1
100156,FLUX,2021-02-12T17:33:00+00:00,Flux Materials publishes its annual sustainability report,synthetic,1
100157,ECHO,2021-02-12T19:19:00+00:00,Echo Networks names a new chief operating officer,synthetic,1
100158,GALE,2021-02-12T19:13:00+00:00,Gale Airlines to present at an industry conference next week,synthetic,1
100159,LUMN,2021-02-12T19:53:00+00:00,Lumen Softworks cuts outlook as demand declines and an investigation weighs on shares,synthetic,1
100160,LUMN,2021-02-12T19:40:00+00:00,Lumen Softworks tops quarterly profit estimates as revenue growth accelerates,synthetic,1
100161,ACME,2021-02-15T20:04:00+00:00,Acme Robotics shares plunge after a downgrade on margin concerns,synthetic,1
100162,ACME,2021-02-15T19:09:00+00:00,Acme Robotics shares plunge after a downgrade on margin concerns,synthetic,1
100163,HALO,2021-02-15T16:48:00+00:00,Halo Health publishes its annual sustainability report,synthetic,1
100164,HALO,2021-02-15T19:48:00+00:00,Halo Health shares surge after upgrade to buy on strong demand,synthetic,1
100165,IRIS,2021-02-15T15:21:00+00:00,Iris Optics cuts outlook as demand declines and an investigation weighs on shares,synthetic,1
100166,GALE,2021-02-15T16:26:00+00:00,Gale Airlines names a new chief operating officer,synthetic,1
100167,LUMN,2021-02-15T20:27:00+00:00,Lumen Softworks raises full-year guidance; analysts turn bullish,synthetic,1
100168,LUMN,2021-02-15T17:20:00+00:00,Lumen Softworks schedules its quarterly earnings call date,synthetic,1
100169,JOLT,2021-02-15T19:07:00+00:00,Jolt Beverages slumps on a profit warning and rising default risk,synthetic,1
100170,JOLT,2021-02-15T16:47:00+00:00,Jolt Beverages slumps on a profit warning and rising default risk,synthetic,1
100171,ECHO,2021-02-15T17:43:00+00:00,Echo Networks raises full-year guidance; analysts turn bullish,synthetic,1
100172,ECHO,2021-02-15T19:19:00+00:00,Echo Networks shares plunge after a downgrade on margin concerns,synthetic,1
100173,CRUX,2021-02-15T18:55:00+00:00,Crux Semiconductors tops quarterly profit estimates as revenue growth accelerates,synthetic,1
100174,CRUX,2021-02-15T17:13:00+00:00,Crux Semiconductors schedules its quarterly earnings call date,synthetic,1
100175,DYNE,2021-02-15T18:00:00+00:00,Dyne Biolabs misses revenue estimates and warns of weak guidance,synthetic,1
100176,KILN,2021-02-15T16:48:00+00:00,Kiln Foods shares plunge after a downgrade on margin concerns,synthetic,1
100177,BOLT,2021-02-15T16:18:00+00:00,"Bolt Energy wins major contract, boosting order backlog to a record",synthetic,1
100178,FLUX,2021-02-15T18:19:00+00:00,Flux Materials slumps on a profit warning and rising default risk,synthetic,1
100179,JOLT,2021-02-16T15:31:00+00:00,"Jolt Beverages wins major contract, boosting order backlog to a record",synthetic,1
100180,IRIS,2021-02-16T19:07:00+00:00,"Iris Optics wins major contract, boosting order backlog to a record",synthetic,1
100181,DYNE,2021-02-16T16:14:00+00:00,Dyne Biolabs schedules its quarterly earnings call date,synthetic,1
100182,ACME,2021-02-16T19:07:00+00:00,Acme Robotics slumps on a profit warning and rising default risk,synthetic,1
100183,ACME,2021-02-16T16:37:00+00:00,Acme Robotics to present at an industry conference next week,synthetic,1
100184,CRUX,2021-02-16T15:00:00+00:00,Crux Semiconductors shares plunge after a downgrade on margin concerns,synthetic,1
100185,BOLT,2021-02-16T17:11:00+00:00,Bolt Energy shares surge after upgrade to buy on strong demand,synthetic,1
100186,LUMN,2021-02-16T19:26:00+00:00,"Lumen Softworks wins major contract, boosting order backlog to a record",synthetic,1
100187,GALE,2021-02-16T16:15:00+00:00,Gale Airlines announces dividend hike and a new buyback program,synthetic,1
100188,GALE,2021-02-17T17:03:00+00:00,Gale Airlines slumps on a profit warning and rising default risk,synthetic,1
100189,GALE,2021-02-17T15:32:00+00:00,Gale Airlines completes a previously announced facility relocation,synthetic,1
100190,KILN,2021-02-17T18:03:00+00:00,Kiln Foods publishes its annual sustainability report,synthetic,1
100191,KILN,2021-02-17T14:44:00+00:00,"Kiln Foods wins major contract, boosting order backlog to a record",synthetic,1
100192,HALO,2021-02-17T19:09:00+00:00,Halo Health shares plunge after a downgrade on margin concerns,synthetic,1
100193,HALO,2021-02-17T20:13:00+00:00,Halo Health tops quarterly profit estimates as revenue growth accelerates,synthetic,1
100194,CRUX,2021-02-17T16:13:00+00:00,Crux Semiconductors announces dividend hike and a new buyback program,synthetic,1
100195,DYNE,2021-02-17T19:29:00+00:00,Dyne Biolabs announces dividend hike and a new buyback program,synthetic,1
100196,ECHO,2021-02-17T16:48:00+00:00,Echo Networks publishes its annual sustainability report,synthetic,1
100197,ECHO,2021-02-17T19:15:00+00:00,"Echo Networks faces a lawsuit and product recall, with layoffs expected",synthetic,1
100198,IRIS,2021-02-17T20:13:00+00:00,Iris Optics misses revenue estimates and warns of weak guidance,synthetic,1
100199,IRIS,2021-02-17T16:34:00+00:00,"Iris Optics faces a lawsuit and product recall, with layoffs expected",synthetic,1
100200,ACME,2021-02-17T16:55:00+00:00,Acme Robotics raises full-year guidance; analysts turn bullish,synthetic,1
100201,JOLT,2021-02-17T17:04:00+00:00,Jolt Beverages cuts outlook as demand declines and an investigation weighs on shares,synthetic,1
100202,JOLT,2021-02-17T19:03:00+00:00,Jolt Beverages publishes its annual sustainability report,synthetic,1
100203,LUMN,2021-02-17T17:03:00+00:00,Lumen Softworks shares surge after upgrade to buy on strong demand,synthetic,1
100204,FLUX,2021-02-17T16:22:00+00:00,Flux Materials shares surge after upgrade to buy on strong demand,synthetic,1
100205,BOLT,2021-02-17T14:39:00+00:00,Bolt Energy schedules its quarterly earnings call date,synthetic,1
100206,BOLT,2021-02-17T18:51:00+00:00,Bolt Energy names a new chief operating officer,synthetic,1
100207,DYNE,2021-02-18T18:44:00+00:00,"Dyne Biolabs wins major contract, boosting order backlog to a record",synthetic,1
100208,DYNE,2021-02-18T19:24:00+00:00,Dyne Biolabs shares surge after upgrade to buy on strong demand,synthetic,1
100209,GALE,2021-02-18T16:38:00+00:00,Gale Airlines misses revenue estimates and warns of weak guidance,synthetic,1
100210,GALE,2021-02-18T15:28:00+00:00,Gale Airlines misses revenue estimates and warns of weak guidance,synthetic,1
100211,ECHO,2021-02-18T16:12:00+00:00,Echo Networks tops quarterly profit estimates as revenue growth accelerates,synthetic,1
100212,ECHO,2021-02-18T18:10:00+00:00,Echo Networks publishes its annual sustainability report,synthetic,1
100213,JOLT,2021-02-18T16:45:00+00:00,Jolt Beverages shares plunge after a downgrade on margin concerns,synthetic,1
100214,JOLT,2021-02-18T20:02:00+00:00,Jolt Beverages schedules its quarterly earnings call date,synthetic,1
100215,LUMN,2021-02-18T18:20:00+00:00,Lumen Softworks publishes its annual sustainability report,synthetic,1
100216,HALO,2021-02-18T17:28:00+00:00,"Halo Health wins major contract, boosting order backlog to a record",synthetic,1
100217,FLUX,2021-02-18T16:52:00+00:00,Flux Materials misses revenue estimates and warns of weak guidance,synthetic,1
100218,FLUX,2021-02-18T20:16:00+00:00,Flux Materials shares surge after upgrade to buy on strong demand,synthetic,1
100219,KILN,2021-02-18T19:56:00+00:00,"Kiln Foods wins major contract, boosting order backlog to a record",synthetic,1
100220,KILN,2021-02-18T19:41:00+00:00,"Kiln Foods wins major contract, boosting order backlog to a record",synthetic,1
100221,IRIS,2021-02-18T17:14:00+00:00,Iris Optics schedules its quarterly earnings call date,synthetic,1
100222,ACME,2021-02-18T17:35:00+00:00,Acme Robotics shares surge after upgrade to buy on strong demand,synthetic,1
100223,CRUX,2021-02-18T16:11:00+00:00,"Crux Semiconductors wins major contract, boosting order backlog to a record",synthetic,1
100224,GALE,2021-02-19T16:54:00+00:00,Gale Airlines raises full-year guidance; analysts turn bullish,synthetic,1
100225,GALE,2021-02-19T19:27:00+00:00,Gale Airlines to present at an industry conference next week,synthetic,1
100226,IRIS,2021-02-19T14:58:00+00:00,Iris Optics names a new chief operating officer,synthetic,1
100227,ACME,2021-02-19T20:12:00+00:00,Acme Robotics schedules its quarterly earnings call date,synthetic,1
100228,ACME,2021-02-19T17:28:00+00:00,Acme Robotics announces dividend hike and a new buyback program,synthetic,1
100229,ECHO,2021-02-19T19:04:00+00:00,Echo Networks raises full-year guidance; analysts turn bullish,synthetic,1
100230,ECHO,2021-02-19T16:09:00+00:00,Echo Networks shares surge after upgrade to buy on strong demand,synthetic,1
100231,HALO,2021-02-19T20:22:00+00:00,Halo Health slumps on a profit warning and rising default risk,synthetic,1
100232,LUMN,2021-02-19T16:28:00+00:00,Lumen Softworks publishes its annual sustainability report,synthetic,1
100233,CRUX,2021-02-19T14:39:00+00:00,Crux Semiconductors tops quarterly profit estimates as revenue growth accelerates,synthetic,1
100234,JOLT,2021-02-19T17:56:00+00:00,Jolt Beverages tops quarterly profit estimates as revenue growth accelerates,synthetic,1
100235,HALO,2021-02-22T19:10:00+00:00,Halo Health misses revenue estimates and warns of weak guidance,synthetic,1
100236,CRUX,2021-02-22T18:14:00+00:00,Crux Semiconductors raises full-year guidance; analysts turn bullish,synthetic,1
100237,FLUX,2021-02-22T19:28:00+00:00,Flux Materials announces dividend hike and a new buyback program,synthetic,1
100238,FLUX,2021-02-22T16:27:00+00:00,Flux Materials cuts outlook as demand declines and an investigation weighs on shares,synthetic,1
100239,KILN,2021-02-22T16:47:00+00:00,"Kiln Foods wins major contract, boosting order backlog to a record",synthetic,1
100240,DYNE,2021-02-22T15:36:00+00:00,Dyne Biolabs cuts outlook as demand declines and an investigation weighs on shares,synthetic,1
100241,DYNE,2021-02-22T19:29:00+00:00,Dyne Biolabs raises full-year guidance; analysts turn bullish,synthetic,1
100242,GALE,2021-02-22T15:10:00+00:00,Gale Airlines completes a previously announced facility relocation,synthetic,1
100243,GALE,2021-02-22T15:36:00+00:00,"Gale Airlines wins major contract, boosting order backlog to a record",synthetic,1
100244,IRIS,2021-02-22T18:44:00+00:00,Iris Optics publishes its annual sustainability report,synthetic,1
100245,IRIS,2021-02-22T18:43:00+00:00,Iris Optics tops quarterly profit estimates as revenue growth accelerates,synthetic,1
100246,LUMN,2021-02-22T20:02:00+00:00,Lumen Softworks cuts outlook as demand declines and an investigation weighs on shares,synthetic,1
100247,JOLT,2021-02-22T15:30:00+00:00,Jolt Beverages tops quarterly profit estimates as revenue growth accelerates,synthetic,1
100248,JOLT,2021-02-22T18:03:00+00:00,Jolt Beverages cuts outlook as demand declines and an investigation weighs on shares,synthetic,1
100249,KILN,2021-02-23T17:16:00+00:00,Kiln Foods raises full-year guidance; analysts turn bullish,synthetic,1
100250,KILN,2021-02-23T17:35:00+00:00,Kiln Foods shares plunge after a downgrade on margin concerns,synthetic,1
100251,HALO,2021-02-23T15:44:00+00:00,Halo Health tops quarterly profit estimates as revenue growth accelerates,synthetic,1
100252,ACME,2021-02-23T15:51:00+00:00,Acme Robotics announces dividend hike and a new buyback program,synthetic,1
100253,LUMN,2021-02-23T15:55:00+00:00,Lumen Softworks misses revenue estimates and warns of weak guidance,synthetic,1
100254,LUMN,2021-02-23T18:55:00+00:00,Lumen Softworks shares plunge after a downgrade on margin concerns,synthetic,1
100255,ECHO,2021-02-23T16:32:00+00:00,Echo Networks shares surge after upgrade to buy on strong demand,synthetic,1
100256,GALE,2021-02-23T15:51:00+00:00,"Gale Airlines wins major contract, boosting order backlog to a record",synthetic,1
100257,GALE,2021-02-23T19:42:00+00:00,Gale Airlines schedules its quarterly earnings call date,synthetic,1
100258,JOLT,2021-02-23T20:00:00+00:00,Jolt Beverages schedules its quarterly earnings call date,synthetic,1
100259,CRUX,2021-02-23T17:30:00+00:00,Crux Semiconductors shares plunge after a downgrade on margin concerns,synthetic,1
100260,IRIS,2021-02-23T17:10:00+00:00,Iris Optics announces dividend hike and a new buyback program,synthetic,1
100261,FLUX,2021-02-23T18:37:00+00:00,Flux Materials completes a previously announced facility relocation,synthetic,1
100262,BOLT,2021-02-23T17:23:00+00:00,Bolt Energy slumps on a profit warning and rising default risk,synthetic,1
100263,DYNE,2021-02-24T17:56:00+00:00,Dyne Biolabs raises full-year guidance; analysts turn bullish,synthetic,1
100264,DYNE,2021-02-24T17:55:00+00:00,Dyne Biolabs slumps on a profit warning and rising default risk,synthetic,1
100265,ECHO,2021-02-24T18:14:00+00:00,"Echo Networks faces a lawsuit and product recall, with layoffs expected",synthetic,1
100266,JOLT,2021-02-24T19:23:00+00:00,Jolt Beverages announces dividend hike and a new buyback program,synthetic,1
100267,JOLT,2021-02-24T19:13:00+00:00,"Jolt Beverages faces a lawsuit and product recall, with layoffs expected",synthetic,1
100268,KILN,2021-02-24T17:28:00+00:00,Kiln Foods publishes its annual sustainability report,synthetic,1
100269,KILN,2021-02-24T16:22:00+00:00,Kiln Foods shares plunge after a downgrade on margin concerns,synthetic,1
100270,HALO,2021-02-24T16:47:00+00:00,Halo Health completes a previously announced facility relocation,synthetic,1
100271,HALO,2021-02-24T16:59:00+00:00,Halo Health completes a previously announced facility relocation,synthetic,1
100272,FLUX,2021-02-24T15:05:00+00:00,Flux Materials names a new chief operating officer,synthetic,1
100273,FLUX,2021-02-24T15:50:00+00:00,Flux Materials cuts outlook as demand declines and an investigation weighs on shares,synthetic,1
100274,GALE,2021-02-24T15:24:00+00:00,"Gale Airlines faces a lawsuit and product recall, with layoffs expected",synthetic,1
100275,ACME,2021-02-24T14:50:00+00:00,Acme Robotics to present at an industry conference next week,synthetic,1
100276,CRUX,2021-02-24T19:19:00+00:00,Crux Semiconductors shares plunge after a downgrade on margin concerns,synthetic,1
100277,CRUX,2021-02-24T15:57:00+00:00,Crux Semiconductors raises full-year guidance; analysts turn bullish,synthetic,1
100278,LUMN,2021-02-24T17:40:00+00:00,Lumen Softworks shares surge after upgrade to buy on strong demand,synthetic,1
100279,LUMN,2021-02-24T17:32:00+00:00,"Lumen Softworks wins major contract, boosting order backlog to a record",synthetic,1
100280,BOLT,2021-02-24T15:41:00+00:00,"Bolt Energy faces a lawsuit and product recall, with layoffs expected",synthetic,1
100281,IRIS,2021-02-24T15:31:00+00:00,Iris Optics misses revenue estimates and warns of weak guidance,synthetic,1
100282,CRUX,2021-02-25T20:19:00+00:00,Crux Semiconductors raises full-year guidance; analysts turn bullish,synthetic,1
100283,CRUX,2021-02-25T16:05:00+00:00,"Crux Semiconductors wins major contract, boosting order backlog to a record",synthetic,1
100284,GALE,2021-02-25T18:07:00+00:00,Gale Airlines names a new chief operating officer,synthetic,1
100285,GALE,2021-02-25T14:51:00+00:00,Gale Airlines shares plunge after a downgrade on margin concerns,synthetic,1
100286,ACME,2021-02-25T14:50:00+00:00,Acme Robotics completes a previously announced facility relocation,synthetic,1
100287,ACME,2021-02-25T18:08:00+00:00,Acme Robotics slumps on a profit warning and rising default risk,synthetic,1
100288,JOLT,2021-02-25T18:03:00+00:00,"Jolt Beverages wins major contract, boosting order backlog to a record",synthetic,1
100289,LUMN,2021-02-25T14:47:00+00:00,Lumen Softworks shares surge after upgrade to buy on strong demand,synthetic,1
100290,IRIS,2021-02-25T18:59:00+00:00,Iris Optics raises full-year guidance; analysts turn bullish,synthetic,1
100291,IRIS,2021-02-25T17:49:00+00:00,Iris Optics shares surge after upgrade to buy on strong demand,synthetic,1
100292,FLUX,2021-02-25T20:04:00+00:00,Flux Materials shares surge after upgrade to buy on strong demand,synthetic,1
100293,KILN,2021-02-25T18:03:00+00:00,Kiln Foods raises full-year guidance; analysts turn bullish,synthetic,1
100294,KILN,2021-02-25T18:06:00+00:00,"Kiln Foods wins major contract, boosting order backlog to a record",synthetic,1
100295,DYNE,2021-02-25T19:53:00+00:00,Dyne Biolabs completes a previously announced facility relocation,synthetic,1
100296,HALO,2021-02-25T19:44:00+00:00,"Halo Health wins major contract, boosting order backlog to a record",synthetic,1
100297,BOLT,2021-02-25T15:52:00+00:00,Bolt Energy announces dividend hike and a new buyback program,synthetic,1
100298,HALO,2021-02-26T15:10:00+00:00,Halo Health misses revenue estimates and warns of weak guidance,synthetic,1
100299,HALO,2021-02-26T18:02:00+00:00,Halo Health shares surge after upgrade to buy on strong demand,synthetic,1
100300,GALE,2021-02-26T20:00:00+00:00,Gale Airlines publishes its annual sustainability report,synthetic,1
100301,GALE,2021-02-26T15:47:00+00:00,"Gale Airlines faces a lawsuit and product recall, with layoffs expected",synthetic,1
100302,ECHO,2021-02-26T14:58:00+00:00,Echo Networks names a new chief operating officer,synthetic,1
100303,IRIS,2021-02-26T19:21:00+00:00,Iris Optics misses revenue estimates and warns of weak guidance,synthetic,1
100304,JOLT,2021-02-26T17:15:00+00:00,Jolt Beverages names a new chief operating officer,synthetic,1
100305,JOLT,2021-02-26T14:47:00+00:00,"Jolt Beverages wins major contract, boosting order backlog to a record",synthetic,1
100306,KILN,2021-02-26T19:32:00+00:00,Kiln Foods publishes its annual sustainability report,synthetic,1
100307,ACME,2021-02-26T16:57:00+00:00,Acme Robotics publishes its annual sustainability report,synthetic,1
100308,BOLT,2021-02-26T16:43:00+00:00,Bolt Energy shares plunge after a downgrade on margin concerns,synthetic,1
100309,BOLT,2021-02-26T19:25:00+00:00,Bolt Energy misses revenue estimates and warns of weak guidance,synthetic,1
100310,CRUX,2021-02-26T17:33:00+00:00,"Crux Semiconductors faces a lawsuit and product recall, with layoffs expected",synthetic,1
100311,LUMN,2021-02-26T20:27:00+00:00,Lumen Softworks publishes its annual sustainability report,synthetic,1
100312,LUMN,2021-02-26T19:43:00+00:00,Lumen Softworks shares surge after upgrade to buy on strong demand,synthetic,1
100313,DYNE,2021-02-26T15:09:00+00:00,Dyne Biolabs misses revenue estimates and warns of weak guidance,synthetic,1
100314,DYNE,2021-02-26T20:26:00+00:00,Dyne Biolabs shares surge after upgrade to buy on strong demand,synthetic,1
100315,FLUX,2021-02-26T18:27:00+00:00,Flux Materials raises full-year guidance; analysts turn bullish,synthetic,1
100316,FLUX,2021-02-26T18:30:00+00:00,Flux Materials cuts outlook as demand declines and an investigation weighs on shares,synthetic,1
100317,BOLT,2021-03-01T14:39:00+00:00,Bolt Energy schedules its quarterly earnings call date,synthetic,1
100318,CRUX,2021-03-01T16:25:00+00:00,"Crux Semiconductors wins major contract, boosting order backlog to a record",synthetic,1
100319,DYNE,2021-03-01T17:46:00+00:00,Dyne Biolabs names a new chief operating officer,synthetic,1
100320,ECHO,2021-03-01T15:36:00+00:00,Echo Networks misses revenue estimates and warns of weak guidance,synthetic,1
100321,FLUX,2021-03-01T16:04:00+00:00,Flux Materials raises full-year guidance; analysts turn bullish,synthetic,1
100322,FLUX,2021-03-01T17:46:00+00:00,"Flux Materials wins major contract, boosting order backlog to a record",synthetic,1
100323,ACME,2021-03-01T20:29:00+00:00,Acme Robotics shares plunge after a downgrade on margin concerns,synthetic,1
100324,ACME,2021-03-01T20:03:00+00:00,Acme Robotics shares plunge after a downgrade on margin concerns,synthetic,1
100325,GALE,2021-03-01T20:15:00+00:00,Gale Airlines names a new chief operating officer,synthetic,1
100326,KILN,2021-03-01T18:28:00+00:00,Kiln Foods cuts outlook as demand declines and an investigation weighs on shares,synthetic,1
100327,KILN,2021-03-01T18:00:00+00:00,Kiln Foods announces dividend hike and a new buyback program,synthetic,1
100328,JOLT,2021-03-01T18:50:00+00:00,"Jolt Beverages wins major contract, boosting order backlog to a record",synthetic,1
100329,JOLT,2021-03-01T18:08:00+00:00,Jolt Beverages raises full-year guidance; analysts turn bullish,synthetic,1
100330,IRIS,2021-03-01T16:10:00+00:00,Iris Optics announces dividend hike and a new buyback program,synthetic,1
100331,ECHO,2021-03-02T15:34:00+00:00,Echo Networks announces dividend hike and a new buyback program,synthetic,1
100332,ECHO,2021-03-02T18:18:00+00:00,Echo Networks announces dividend hike and a new buyback program,synthetic,1
100333,BOLT,2021-03-02T18:15:00+00:00,Bolt Energy to present at an industry conference next week,synthetic,1
100334,BOLT,2021-03-02T15:46:00+00:00,"Bolt Energy faces a lawsuit and product recall, with layoffs expected",synthetic,1
100335,GALE,2021-03-02T17:53:00+00:00,Gale Airlines raises full-year guidance; analysts turn bullish,synthetic,1
100336,DYNE,2021-03-02T19:19:00+00:00,Dyne Biolabs tops quarterly profit estimates as revenue growth accelerates,synthetic,1
100337,CRUX,2021-03-02T20:03:00+00:00,Crux Semiconductors announces dividend hike and a new buyback program,synthetic,1
100338,CRUX,2021-03-02T18:59:00+00:00,Crux Semiconductors tops quarterly profit estimates as revenue growth accelerates,synthetic,1
100339,LUMN,2021-03-02T18:02:00+00:00,Lumen Softworks announces dividend hike and a new buyback program,synthetic,1
100340,JOLT,2021-03-02T18:40:00+00:00,Jolt Beverages cuts outlook as demand declines and an investigation weighs on shares,synthetic,1
100341,IRIS,2021-03-02T16:17:00+00:00,Iris Optics shares plunge after a downgrade on margin concerns,synthetic,1
100342,FLUX,2021-03-02T18:43:00+00:00,Flux Materials shares plunge after a downgrade on margin concerns,synthetic,1
100343,FLUX,2021-03-02T17:08:00+00:00,Flux Materials announces dividend hike and a new buyback program,synthetic,1
100344,KILN,2021-03-02T19:52:00+00:00,"Kiln Foods wins major contract, boosting order backlog to a record",synthetic,1
100345,KILN,2021-03-02T17:34:00+00:00,"Kiln Foods wins major contract, boosting order backlog to a record",synthetic,1
100346,ACME,2021-03-02T19:23:00+00:00,Acme Robotics slumps on a profit warning and rising default risk,synthetic,1
100347,HALO,2021-03-02T20:26:00+00:00,Halo Health tops quarterly profit estimates as revenue growth accelerates,synthetic,1
100348,FLUX,2021-03-03T19:22:00+00:00,Flux Materials shares surge after upgrade to buy on strong demand,synthetic,1
100349,HALO,2021-03-03T17:54:00+00:00,Halo Health schedules its quarterly earnings call date,synthetic,1
100350,HALO,2021-03-03T17:47:00+00:00,Halo Health tops quarterly profit estimates as revenue growth accelerates,synthetic,1
100351,CRUX,2021-03-03T19:53:00+00:00,"Crux Semiconductors faces a lawsuit and product recall, with layoffs expected",synthetic,1
100352,KILN,2021-03-03T17:36:00+00:00,Kiln Foods announces dividend hike and a new buyback program,synthetic,1
100353,KILN,2021-03-03T17:55:00+00:00,"Kiln Foods wins major contract, boosting order backlog to a record",synthetic,1
100354,LUMN,2021-03-03T19:29:00+00:00,"Lumen Softworks faces a lawsuit and product recall, with layoffs expected",synthetic,1
100355,ACME,2021-03-03T18:50:00+00:00,Acme Robotics schedules its quarterly earnings call date,synthetic,1
100356,JOLT,2021-03-03T19:49:00+00:00,Jolt Beverages cuts outlook as demand declines and an investigation weighs on shares,synthetic,1
100357,JOLT,2021-03-03T19:28:00+00:00,"Jolt Beverages wins major contract, boosting order backlog to a record",synthetic,1
100358,DYNE,2021-03-03T17:38:00+00:00,Dyne Biolabs slumps on a profit warning and rising default risk,synthetic,1
100359,DYNE,2021-03-03T17:21:00+00:00,Dyne Biolabs completes a previously announced facility relocation,synthetic,1
100360,BOLT,2021-03-03T20:15:00+00:00,Bolt Energy raises full-year guidance; analysts turn bullish,synthetic,1
100361,IRIS,2021-03-04T17:43:00+00:00,Iris Optics raises full-year guidance; analysts turn bullish,synthetic,1
100362,GALE,2021-03-04T18:08:00+00:00,Gale Airlines announces dividend hike and a new buyback program,synthetic,1
100363,FLUX,2021-03-04T20:02:00+00:00,Flux Materials publishes its annual sustainability report,synthetic,1
100364,KILN,2021-03-04T14:37:00+00:00,Kiln Foods cuts outlook as demand declines and an investigation weighs on shares,synthetic,1
100365,HALO,2021-03-04T16:57:00+00:00,Halo Health names a new chief operating officer,synthetic,1
100366,HALO,2021-03-04T19:01:00+00:00,Halo Health to present at an industry conference next week,synthetic,1
100367,LUMN,2021-03-04T19:11:00+00:00,Lumen Softworks shares surge after upgrade to buy on strong demand,synthetic,1
100368,LUMN,2021-03-04T19:52:00+00:00,Lumen Softworks shares surge after upgrade to buy on strong demand,synthetic,1
100369,CRUX,2021-03-04T16:42:00+00:00,Crux Semiconductors tops quarterly profit estimates as revenue growth accelerates,synthetic,1
100370,CRUX,2021-03-04T15:48:00+00:00,"Crux Semiconductors faces a lawsuit and product recall, with layoffs expected",synthetic,1
100371,ECHO,2021-03-04T16:20:00+00:00,Echo Networks misses revenue estimates and warns of weak guidance,synthetic,1
100372,DYNE,2021-03-04T15:14:00+00:00,Dyne Biolabs cuts outlook as demand declines and an investigation weighs on shares,synthetic,1
100373,DYNE,2021-03-04T20:14:00+00:00,Dyne Biolabs announces dividend hike and a new buyback program,synthetic,1
100374,JOLT,2021-03-04T17:18:00+00:00,Jolt Beverages to present at an industry conference next week,synthetic,1
100375,JOLT,2021-03-04T15:09:00+00:00,Jolt Beverages completes a previously announced facility relocation,synthetic,1
100376,BOLT,2021-03-04T17:48:00+00:00,Bolt Energy slumps on a profit warning and rising default risk,synthetic,1
100377,ACME,2021-03-04T19:43:00+00:00,Acme Robotics to present at an industry conference next week,synthetic,1
100378,ACME,2021-03-04T18:49:00+00:00,Acme Robotics tops quarterly profit estimates as revenue growth accelerates,synthetic,1
100379,GALE,2021-03-05T18:27:00+00:00,Gale Airlines to present at an industry conference next week,synthetic,1
100380,GALE,2021-03-05T15:05:00+00:00,"Gale Airlines wins major contract, boosting order backlog to a record",synthetic,1
100381,LUMN,2021-03-05T19:28:00+00:00,Lumen Softworks schedules its quarterly earnings call date,synthetic,1
100382,HALO,2021-03-05T17:11:00+00:00,Halo Health tops quarterly profit estimates as revenue growth accelerates,synthetic,1
100383,HALO,2021-03-05T18:01:00+00:00,Halo Health raises full-year guidance; analysts turn bullish,synthetic,1
100384,IRIS,2021-03-05T17:38:00+00:00,Iris Optics schedules its quarterly earnings call date,synthetic,1
100385,JOLT,2021-03-05T18:12:00+00:00,Jolt Beverages shares plunge after a downgrade on margin concerns,synthetic,1
100386,FLUX,2021-03-05T19:02:00+00:00,Flux Materials slumps on a profit warning and rising default risk,synthetic,1
100387,FLUX,2021-03-05T15:12:00+00:00,Flux Materials schedules its quarterly earnings call date,synthetic,1
100388,CRUX,2021-03-05T16:15:00+00:00,Crux Semiconductors schedules its quarterly earnings call date,synthetic,1
100389,DYNE,2021-03-05T20:23:00+00:00,Dyne Biolabs to present at an industry conference next week,synthetic,1
100390,BOLT,2021-03-05T18:11:00+00:00,Bolt Energy to present at an industry conference next week,synthetic,1
100391,ECHO,2021-03-05T16:16:00+00:00,Echo Networks raises full-year guidance; analysts turn bullish,synthetic,1
100392,ECHO,2021-03-05T17:17:00+00:00,"Echo Networks wins major contract, boosting order backlog to a record",synthetic,1
100393,ACME,2021-03-05T16:22:00+00:00,Acme Robotics names a new chief operating officer,synthetic,1
100394,ACME,2021-03-05T19:49:00+00:00,Acme Robotics shares surge after upgrade to buy on strong demand,synthetic,1
100395,KILN,2021-03-05T17:29:00+00:00,Kiln Foods raises full-year guidance; analysts turn bullish,synthetic,1
100396,KILN,2021-03-05T19:41:00+00:00,Kiln Foods raises full-year guidance; analysts turn bullish,synthetic,1
100397,DYNE,2021-03-08T16:07:00+00:00,Dyne Biolabs announces dividend hike and a new buyback program,synthetic,1
100398,DYNE,2021-03-08T16:28:00+00:00,Dyne Biolabs cuts outlook as demand declines and an investigation weighs on shares,synthetic,1
100399,KILN,2021-03-08T15:01:00+00:00,Kiln Foods announces dividend hike and a new buyback program,synthetic,1
100400,CRUX,2021-03-08T18:47:00+00:00,Crux Semiconductors tops quarterly profit estimates as revenue growth accelerates,synthetic,1
100401,FLUX,2021-03-08T17:30:00+00:00,Flux Materials names a new chief operating officer,synthetic,1
100402,ACME,2021-03-08T16:05:00+00:00,Acme Robotics names a new chief operating officer,synthetic,1
100403,ACME,2021-03-08T16:52:00+00:00,Acme Robotics shares surge after upgrade to buy on strong demand,synthetic,1
100404,HALO,2021-03-08T17:48:00+00:00,Halo Health publishes its annual sustainability report,synthetic,1
100405,HALO,2021-03-08T18:45:00+00:00,Halo Health misses revenue estimates and warns of weak guidance,synthetic,1
100406,LUMN,2021-03-08T18:49:00+00:00,Lumen Softworks schedules its quarterly earnings call date,synthetic,1
100407,LUMN,2021-03-08T19:33:00+00:00,Lumen Softworks publishes its annual sustainability report,synthetic,1
100408,IRIS,2021-03-08T16:45:00+00:00,Iris Optics shares surge after upgrade to buy on strong demand,synthetic,1
100409,IRIS,2021-03-08T18:36:00+00:00,"Iris Optics wins major contract, boosting order backlog to a record",synthetic,1
100410,GALE,2021-03-08T17:53:00+00:00,Gale Airlines names a new chief operating officer,synthetic,1
100411,BOLT,2021-03-08T19:16:00+00:00,Bolt Energy schedules its quarterly earnings call date,synthetic,1
100412,FLUX,2021-03-09T18:33:00+00:00,Flux Materials shares plunge after a downgrade on margin concerns,synthetic,1
100413,FLUX,2021-03-09T14:50:00+00:00,Flux Materials misses revenue estimates and warns of weak guidance,synthetic,1
100414,GALE,2021-03-09T16:49:00+00:00,Gale Airlines misses revenue estimates and warns of weak guidance,synthetic,1
100415,GALE,2021-03-09T15:13:00+00:00,Gale Airlines misses revenue estimates and warns of weak guidance,synthetic,1
100416,HALO,2021-03-09T18:13:00+00:00,Halo Health slumps on a profit warning and rising default risk,synthetic,1
100417,HALO,2021-03-09T15:59:00+00:00,Halo Health raises full-year guidance; analysts turn bullish,synthetic,1
100418,DYNE,2021-03-09T20:25:00+00:00,Dyne Biolabs announces dividend hike and a new buyback program,synthetic,1
100419,KILN,2021-03-09T20:08:00+00:00,Kiln Foods announces dividend hike and a new buyback program,synthetic,1
100420,KILN,2021-03-09T17:00:00+00:00,Kiln Foods raises full-year guidance; analysts turn bullish,synthetic,1
100421,JOLT,2021-03-09T16:00:00+00:00,Jolt Beverages cuts outlook as demand declines and an investigation weighs on shares,synthetic,1
100422,IRIS,2021-03-09T16:38:00+00:00,Iris Optics slumps on a profit warning and rising default risk,synthetic,1
100423,IRIS,2021-03-09T18:46:00+00:00,Iris Optics shares surge after upgrade to buy on strong demand,synthetic,1
100424,BOLT,2021-03-09T17:12:00+00:00,Bolt Energy announces dividend hike and a new buyback program,synthetic,1
100425,BOLT,2021-03-09T17:01:00+00:00,"Bolt Energy wins major contract, boosting order backlog to a record",synthetic,1
100426,ECHO,2021-03-09T18:13:00+00:00,"Echo Networks faces a lawsuit and product recall, with layoffs expected",synthetic,1
100427,FLUX,2021-03-10T17:55:00+00:00,Flux Materials misses revenue estimates and warns of weak guidance,synthetic,1
100428,FLUX,2021-03-10T17:09:00+00:00,Flux Materials names a new chief operating officer,synthetic,1
100429,HALO,2021-03-10T18:14:00+00:00,Halo Health announces dividend hike and a new buyback program,synthetic,1
100430,HALO,2021-03-10T16:42:00+00:00,Halo Health publishes its annual sustainability report,synthetic,1
100431,KILN,2021-03-10T18:47:00+00:00,Kiln Foods cuts outlook as demand declines and an investigation weighs on shares,synthetic,1
100432,BOLT,2021-03-10T15:24:00+00:00,Bolt Energy completes a previously announced facility relocation,synthetic,1
100433,BOLT,2021-03-10T18:31:00+00:00,Bolt Energy publishes its annual sustainability report,synthetic,1
100434,LUMN,2021-03-10T16:48:00+00:00,"Lumen Softworks faces a lawsuit and product recall, with layoffs expected",synthetic,1
100435,ECHO,2021-03-10T18:46:00+00:00,"Echo Networks wins major contract, boosting order backlog to a record",synthetic,1
100436,ECHO,2021-03-10T17:35:00+00:00,Echo Networks shares surge after upgrade to buy on strong demand,synthetic,1
100437,CRUX,2021-03-10T18:44:00+00:00,"Crux Semiconductors wins major contract, boosting order backlog to a record",synthetic,1
100438,DYNE,2021-03-10T19:22:00+00:00,Dyne Biolabs to present at an industry conference next week,synthetic,1
100439,IRIS,2021-03-10T14:40:00+00:00,"Iris Optics wins major contract, boosting order backlog to a record",synthetic,1
100440,GALE,2021-03-10T18:30:00+00:00,Gale Airlines shares surge after upgrade to buy on strong demand,synthetic,1
100441,GALE,2021-03-10T18:14:00+00:00,Gale Airlines misses revenue estimates and warns of weak guidance,synthetic,1
100442,HALO,2021-03-11T14:36:00+00:00,Halo Health publishes its annual sustainability report,synthetic,1
100443,ECHO,2021-03-11T16:07:00+00:00,Echo Networks names a new chief operating officer,synthetic,1
100444,IRIS,2021-03-11T16:52:00+00:00,"Iris Optics wins major contract, boosting order backlog to a record",synthetic,1
100445,IRIS,2021-03-11T16:30:00+00:00,Iris Optics shares plunge after a downgrade on margin concerns,synthetic,1
100446,KILN,2021-03-11T18:21:00+00:00,Kiln Foods misses revenue estimates and warns of weak guidance,synthetic,1
100447,KILN,2021-03-11T16:51:00+00:00,Kiln Foods slumps on a profit warning and rising default risk,synthetic,1
100448,ACME,2021-03-11T18:13:00+00:00,"Acme Robotics wins major contract, boosting order backlog to a record",synthetic,1
100449,BOLT,2021-03-11T17:54:00+00:00,Bolt Energy shares plunge after a downgrade on margin concerns,synthetic,1
100450,BOLT,2021-03-11T17:32:00+00:00,Bolt Energy tops quarterly profit estimates as revenue growth accelerates,synthetic,1
100451,CRUX,2021-03-11T16:09:00+00:00,Crux Semiconductors shares surge after upgrade to buy on strong demand,synthetic,1
100452,CRUX,2021-03-11T19:16:00+00:00,Crux Semiconductors misses revenue estimates and warns of weak guidance,synthetic,1
100453,FLUX,2021-03-11T15:12:00+00:00,Flux Materials tops quarterly profit estimates as revenue growth accelerates,synthetic,1
100454,FLUX,2021-03-11T15:20:00+00:00,"Flux Materials faces a lawsuit and product recall, with layoffs expected",synthetic,1
100455,GALE,2021-03-11T16:02:00+00:00,Gale Airlines announces dividend hike and a new buyback program,synthetic,1
100456,BOLT,2021-03-12T17:08:00+00:00,Bolt Energy shares plunge after a downgrade on margin concerns,synthetic,1
100457,HALO,2021-03-12T16:44:00+00:00,Halo Health names a new chief operating officer,synthetic,1
100458,IRIS,2021-03-12T16:18:00+00:00,Iris Optics announces dividend hike and a new buyback program,synthetic,1
100459,IRIS,2021-03-12T20:27:00+00:00,Iris Optics to present at an industry conference next week,synthetic,1
100460,GALE,2021-03-12T18:45:00+00:00,Gale Airlines completes a previously announced facility relocation,synthetic,1
100461,CRUX,2021-03-12T18:23:00+00:00,Crux Semiconductors slumps on a profit warning and rising default risk,synthetic,1
100462,CRUX,2021-03-12T16:46:00+00:00,"Crux Semiconductors wins major contract, boosting order backlog to a record",synthetic,1
100463,DYNE,2021-03-12T20:20:00+00:00,Dyne Biolabs completes a previously announced facility relocation,synthetic,1
100464,DYNE,2021-03-12T19:23:00+00:00,Dyne Biolabs shares surge after upgrade to buy on strong demand,synthetic,1
100465,ECHO,2021-03-12T17:12:00+00:00,Echo Networks cuts outlook as demand declines and an investigation weighs on shares,synthetic,1
100466,ACME,2021-03-12T16:07:00+00:00,"Acme Robotics wins major contract, boosting order backlog to a record",synthetic,1
100467,ACME,2021-03-12T15:54:00+00:00,"Acme Robotics faces a lawsuit and product recall, with layoffs expected",synthetic,1
100468,JOLT,2021-03-12T16:58:00+00:00,Jolt Beverages shares surge after upgrade to buy on strong demand,synthetic,1
100469,ECHO,2021-03-15T14:37:00+00:00,Echo Networks slumps on a profit warning and rising default risk,synthetic,1
100470,ECHO,2021-03-15T17:06:00+00:00,"Echo Networks faces a lawsuit and product recall, with layoffs expected",synthetic,1
100471,FLUX,2021-03-15T17:33:00+00:00,"Flux Materials wins major contract, boosting order backlog to a record",synthetic,1
100472,FLUX,2021-03-15T15:34:00+00:00,"Flux Materials faces a lawsuit and product recall, with layoffs expected",synthetic,1
100473,CRUX,2021-03-15T15:54:00+00:00,Crux Semiconductors shares surge after upgrade to buy on strong demand,synthetic,1
100474,ACME,2021-03-15T16:04:00+00:00,Acme Robotics announces dividend hike and a new buyback program,synthetic,1
100475,KILN,2021-03-15T15:40:00+00:00,Kiln Foods slumps on a profit warning and rising default risk,synthetic,1
100476,LUMN,2021-03-15T14:52:00+00:00,Lumen Softworks names a new chief operating officer,synthetic,1
100477,LUMN,2021-03-15T14:07:00+00:00,Lumen Softworks cuts outlook as demand declines and an investigation weighs on shares,synthetic,1
100478,GALE,2021-03-15T18:15:00+00:00,Gale Airlines names a new chief operating officer,synthetic,1
100479,IRIS,2021-03-15T18:42:00+00:00,Iris Optics completes a previously announced facility relocation,synthetic,1
100480,BOLT,2021-03-15T17:02:00+00:00,Bolt Energy schedules its quarterly earnings call date,synthetic,1
100481,BOLT,2021-03-15T15:58:00+00:00,Bolt Energy raises full-year guidance; analysts turn bullish,synthetic,1
100482,JOLT,2021-03-15T15:24:00+00:00,Jolt Beverages raises full-year guidance; analysts turn bullish,synthetic,1
100483,JOLT,2021-03-15T19:25:00+00:00,Jolt Beverages shares surge after upgrade to buy on strong demand,synthetic,1
100484,DYNE,2021-03-15T18:59:00+00:00,Dyne Biolabs shares surge after upgrade to buy on strong demand,synthetic,1
100485,FLUX,2021-03-16T13:44:00+00:00,Flux Materials schedules its quarterly earnings call date,synthetic,1
100486,FLUX,2021-03-16T18:56:00+00:00,"Flux Materials wins major contract, boosting order backlog to a record",synthetic,1
100487,IRIS,2021-03-16T13:48:00+00:00,"Iris Optics wins major contract, boosting order backlog to a record",synthetic,1
100488,IRIS,2021-03-16T15:34:00+00:00,Iris Optics publishes its annual sustainability report,synthetic,1
100489,HALO,2021-03-16T17:55:00+00:00,Halo Health tops quarterly profit estimates as revenue growth accelerates,synthetic,1
100490,HALO,2021-03-16T16:23:00+00:00,"Halo Health faces a lawsuit and product recall, with layoffs expected",synthetic,1
100491,JOLT,2021-03-16T15:06:00+00:00,"Jolt Beverages faces a lawsuit and product recall, with layoffs expected",synthetic,1
100492,KILN,2021-03-16T18:41:00+00:00,"Kiln Foods faces a lawsuit and product recall, with layoffs expected",synthetic,1
100493,LUMN,2021-03-16T17:34:00+00:00,Lumen Softworks shares plunge after a downgrade on margin concerns,synthetic,1
100494,LUMN,2021-03-16T18:18:00+00:00,Lumen Softworks completes a previously announced facility relocation,synthetic,1
100495,DYNE,2021-03-16T16:03:00+00:00,Dyne Biolabs misses revenue estimates and warns of weak guidance,synthetic,1
100496,ACME,2021-03-16T14:44:00+00:00,Acme Robotics raises full-year guidance; analysts turn bullish,synthetic,1
100497,GALE,2021-03-16T16:41:00+00:00,Gale Airlines names a new chief operating officer,synthetic,1
100498,GALE,2021-03-16T13:54:00+00:00,Gale Airlines completes a previously announced facility relocation,synthetic,1
100499,BOLT,2021-03-16T15:53:00+00:00,Bolt Energy announces dividend hike and a new buyback program,synthetic,1
100500,BOLT,2021-03-16T15:19:00+00:00,Bolt Energy misses revenue estimates and warns of weak guidance,synthetic,1
100501,ECHO,2021-03-16T16:45:00+00:00,Echo Networks schedules its quarterly earnings call date,synthetic,1
100502,CRUX,2021-03-16T16:25:00+00:00,Crux Semiconductors shares surge after upgrade to buy on strong demand,synthetic,1
100503,KILN,2021-03-17T14:48:00+00:00,Kiln Foods tops quarterly profit estimates as revenue growth accelerates,synthetic,1
100504,KILN,2021-03-17T15:41:00+00:00,Kiln Foods publishes its annual sustainability report,synthetic,1
100505,DYNE,2021-03-17T15:41:00+00:00,Dyne Biolabs announces dividend hike and a new buyback program,synthetic,1
100506,DYNE,2021-03-17T18:41:00+00:00,Dyne Biolabs shares plunge after a downgrade on margin concerns,synthetic,1
100507,CRUX,2021-03-17T18:48:00+00:00,Crux Semiconductors shares surge after upgrade to buy on strong demand,synthetic,1
100508,LUMN,2021-03-17T18:37:00+00:00,"Lumen Softworks wins major contract, boosting order backlog to a record",synthetic,1
100509,GALE,2021-03-17T19:11:00+00:00,Gale Airlines completes a previously announced facility relocation,synthetic,1
100510,GALE,2021-03-17T14:22:00+00:00,Gale Airlines tops quarterly profit estimates as revenue growth accelerates,synthetic,1
100511,FLUX,2021-03-17T13:58:00+00:00,Flux Materials cuts outlook as demand declines and an investigation weighs on shares,synthetic,1
100512,FLUX,2021-03-17T17:21:00+00:00,Flux Materials shares plunge after a downgrade on margin concerns,synthetic,1
100513,ACME,2021-03-17T14:10:00+00:00,"Acme Robotics faces a lawsuit and product recall, with layoffs expected",synthetic,1
100514,ECHO,2021-03-17T16:20:00+00:00,Echo Networks schedules its quarterly earnings call date,synthetic,1
100515,JOLT,2021-03-17T15:10:00+00:00,"Jolt Beverages faces a lawsuit and product recall, with layoffs expected",synthetic,1
100516,BOLT,2021-03-17T13:57:00+00:00,"Bolt Energy wins major contract, boosting order backlog to a record",synthetic,1
100517,ECHO,2021-03-18T18:45:00+00:00,Echo Networks shares plunge after a downgrade on margin concerns,synthetic,1
100518,ECHO,2021-03-18T16:14:00+00:00,Echo Networks names a new chief operating officer,synthetic,1
100519,IRIS,2021-03-18T13:43:00+00:00,Iris Optics announces dividend hike and a new buyback program,synthetic,1
100520,IRIS,2021-03-18T15:21:00+00:00,Iris Optics completes a previously announced facility relocation,synthetic,1
100521,GALE,2021-03-18T19:27:00+00:00,Gale Airlines completes a previously announced facility relocation,synthetic,1
100522,GALE,2021-03-18T18:21:00+00:00,Gale Airlines completes a previously announced facility relocation,synthetic,1
100523,DYNE,2021-03-18T16:18:00+00:00,Dyne Biolabs to present at an industry conference next week,synthetic,1
100524,JOLT,2021-03-18T17:03:00+00:00,Jolt Beverages shares plunge after a downgrade on margin concerns,synthetic,1
100525,JOLT,2021-03-18T17:57:00+00:00,Jolt Beverages names a new chief operating officer,synthetic,1
100526,HALO,2021-03-18T14:33:00+00:00,Halo Health raises full-year guidance; analysts turn bullish,synthetic,1
100527,HALO,2021-03-18T16:19:00+00:00,"Halo Health wins major contract, boosting order backlog to a record",synthetic,1
100528,LUMN,2021-03-18T15:01:00+00:00,Lumen Softworks publishes its annual sustainability report,synthetic,1
100529,LUMN,2021-03-18T13:51:00+00:00,Lumen Softworks slumps on a profit warning and rising default risk,synthetic,1
100530,KILN,2021-03-18T15:47:00+00:00,Kiln Foods tops quarterly profit estimates as revenue growth accelerates,synthetic,1
100531,KILN,2021-03-18T18:30:00+00:00,Kiln Foods raises full-year guidance; analysts turn bullish,synthetic,1
100532,CRUX,2021-03-18T15:54:00+00:00,Crux Semiconductors shares surge after upgrade to buy on strong demand,synthetic,1
100533,ACME,2021-03-18T17:52:00+00:00,Acme Robotics raises full-year guidance; analysts turn bullish,synthetic,1
100534,FLUX,2021-03-18T14:06:00+00:00,Flux Materials tops quarterly profit estimates as revenue growth accelerates,synthetic,1
100535,CRUX,2021-03-19T19:23:00+00:00,Crux Semiconductors misses revenue estimates and warns of weak guidance,synthetic,1
100536,CRUX,2021-03-19T16:18:00+00:00,Crux Semiconductors raises full-year guidance; analysts turn bullish,synthetic,1
100537,ACME,2021-03-19T15:48:00+00:00,"Acme Robotics wins major contract, boosting order backlog to a record",synthetic,1
100538,KILN,2021-03-19T17:52:00+00:00,"Kiln Foods faces a lawsuit and product recall, with layoffs expected",synthetic,1
100539,LUMN,2021-03-19T16:37:00+00:00,Lumen Softworks completes a previously announced facility relocation,synthetic,1
100540,DYNE,2021-03-19T15:50:00+00:00,Dyne Biolabs cuts outlook as demand declines and an investigation weighs on shares,synthetic,1
100541,IRIS,2021-03-19T18:22:00+00:00,Iris Optics publishes its annual sustainability report,synthetic,1
100542,IRIS,2021-03-19T17:51:00+00:00,"Iris Optics faces a lawsuit and product recall, with layoffs expected",synthetic,1
100543,ECHO,2021-03-19T15:41:00+00:00,Echo Networks misses revenue estimates and warns of weak guidance,synthetic,1
100544,ECHO,2021-03-19T17:03:00+00:00,Echo Networks shares surge after upgrade to buy on strong demand,synthetic,1
100545,BOLT,2021-03-19T13:42:00+00:00,"Bolt Energy wins major contract, boosting order backlog to a record",synthetic,1
100546,HALO,2021-03-19T18:43:00+00:00,"Halo Health faces a lawsuit and product recall, with layoffs expected",synthetic,1
100547,FLUX,2021-03-19T17:22:00+00:00,Flux Materials tops quarterly profit estimates as revenue growth accelerates,synthetic,1
100548,FLUX,2021-03-19T13:47:00+00:00,Flux Materials schedules its quarterly earnings call date,synthetic,1
100549,GALE,2021-03-19T16:50:00+00:00,Gale Airlines tops quarterly profit estimates as revenue growth accelerates,synthetic,1
100550,GALE,2021-03-19T13:56:00+00:00,Gale Airlines raises full-year guidance; analysts turn bullish,synthetic,1
100551,JOLT,2021-03-19T17:27:00+00:00,Jolt Beverages shares surge after upgrade to buy on strong demand,synthetic,1
100552,JOLT,2021-03-19T17:38:00+00:00,Jolt Beverages slumps on a profit warning and rising default risk,synthetic,1
100553,FLUX,2021-03-22T16:46:00+00:00,Flux Materials shares surge after upgrade to buy on strong demand,synthetic,1
100554,BOLT,2021-03-22T16:10:00+00:00,Bolt Energy completes a previously announced facility relocation,synthetic,1
100555,ACME,2021-03-22T15:20:00+00:00,Acme Robotics misses revenue estimates and warns of weak guidance,synthetic,1
100556,ACME,2021-03-22T19:21:00+00:00,Acme Robotics shares surge after upgrade to buy on strong demand,synthetic,1
100557,KILN,2021-03-22T16:45:00+00:00,Kiln Foods shares surge after upgrade to buy on strong demand,synthetic,1
100558,KILN,2021-03-22T13:53:00+00:00,Kiln Foods raises full-year guidance; analysts turn bullish,synthetic,1
100559,ECHO,2021-03-22T18:36:00+00:00,Echo Networks publishes its annual sustainability report,synthetic,1
100560,ECHO,2021-03-22T17:40:00+00:00,Echo Networks misses revenue estimates and warns of weak guidance,synthetic,1
100561,JOLT,2021-03-22T17:29:00+00:00,Jolt Beverages announces dividend hike and a new buyback program,synthetic,1
100562,LUMN,2021-03-22T17:44:00+00:00,Lumen Softworks completes a previously announced facility relocation,synthetic,1
100563,CRUX,2021-03-22T14:56:00+00:00,"Crux Semiconductors wins major contract, boosting order backlog to a record",synthetic,1
100564,CRUX,2021-03-22T17:44:00+00:00,Crux Semiconductors slumps on a profit warning and rising default risk,synthetic,1
100565,HALO,2021-03-22T16:53:00+00:00,Halo Health shares plunge after a downgrade on margin concerns,synthetic,1
100566,GALE,2021-03-22T15:10:00+00:00,Gale Airlines announces dividend hike and a new buyback program,synthetic,1
100567,GALE,2021-03-22T19:27:00+00:00,Gale Airlines announces dividend hike and a new buyback program,synthetic,1
100568,IRIS,2021-03-22T15:09:00+00:00,Iris Optics shares surge after upgrade to buy on strong demand,synthetic,1
100569,IRIS,2021-03-22T14:43:00+00:00,Iris Optics cuts outlook as demand declines and an investigation weighs on shares,synthetic,1
100570,IRIS,2021-03-23T14:07:00+00:00,Iris Optics shares surge after upgrade to buy on strong demand,synthetic,1
100571,IRIS,2021-03-23T16:32:00+00:00,Iris Optics shares plunge after a downgrade on margin concerns,synthetic,1
100572,HALO,2021-03-23T17:49:00+00:00,Halo Health schedules its quarterly earnings call date,synthetic,1
100573,HALO,2021-03-23T15:42:00+00:00,Halo Health cuts outlook as demand declines and an investigation weighs on shares,synthetic,1
100574,GALE,2021-03-23T15:59:00+00:00,Gale Airlines misses revenue estimates and warns of weak guidance,synthetic,1
100575,DYNE,2021-03-23T18:56:00+00:00,Dyne Biolabs tops quarterly profit estimates as revenue growth accelerates,synthetic,1
100576,DYNE,2021-03-23T13:55:00+00:00,Dyne Biolabs shares surge after upgrade to buy on strong demand,synthetic,1
100577,FLUX,2021-03-23T14:47:00+00:00,Flux Materials raises full-year guidance; analysts turn bullish,synthetic,1
100578,FLUX,2021-03-23T15:25:00+00:00,"Flux Materials faces a lawsuit and product recall, with layoffs expected",synthetic,1
100579,LUMN,2021-03-23T18:37:00+00:00,Lumen Softworks shares surge after upgrade to buy on strong demand,synthetic,1
100580,KILN,2021-03-23T19:20:00+00:00,"Kiln Foods faces a lawsuit and product recall, with layoffs expected",synthetic,1
100581,KILN,2021-03-23T16:07:00+00:00,Kiln Foods publishes its annual sustainability report,synthetic,1
100582,BOLT,2021-03-23T16:30:00+00:00,Bolt Energy cuts outlook as demand declines and an investigation weighs on shares,synthetic,1
100583,BOLT,2021-03-23T15:40:00+00:00,Bolt Energy names a new chief operating officer,synthetic,1
100584,IRIS,2021-03-24T14:11:00+00:00,Iris Optics completes a previously announced facility relocation,synthetic,1
100585,DYNE,2021-03-24T16:45:00+00:00,Dyne Biolabs names a new chief operating officer,synthetic,1
100586,DYNE,2021-03-24T18:45:00+00:00,Dyne Biolabs publishes its annual sustainability report,synthetic,1
100587,BOLT,2021-03-24T13:46:00+00:00,Bolt Energy tops quarterly profit estimates as revenue growth accelerates,synthetic,1
100588,BOLT,2021-03-24T13:57:00+00:00,Bolt Energy shares plunge after a downgrade on margin concerns,synthetic,1
100589,FLUX,2021-03-24T15:04:00+00:00,Flux Materials announces dividend hike and a new buyback program,synthetic,1
100590,LUMN,2021-03-24T13:39:00+00:00,Lumen Softworks raises full-year guidance; analysts turn bullish,synthetic,1
100591,JOLT,2021-03-24T14:44:00+00:00,Jolt Beverages raises full-year guidance; analysts turn bullish,synthetic,1
100592,JOLT,2021-03-24T14:33:00+00:00,Jolt Beverages slumps on a profit warning and rising default risk,synthetic,1
100593,KILN,2021-03-24T18:17:00+00:00,Kiln Foods names a new chief operating officer,synthetic,1
100594,ECHO,2021-03-24T19:04:00+00:00,Echo Networks names a new chief operating officer,synthetic,1
100595,ECHO,2021-03-24T14:16:00+00:00,Echo Networks slumps on a profit warning and rising default risk,synthetic,1
100596,CRUX,2021-03-25T15:36:00+00:00,Crux Semiconductors to present at an industry conference next week,synthetic,1
100597,GALE,2021-03-25T14:52:00+00:00,Gale Airlines tops quarterly profit estimates as revenue growth accelerates,synthetic,1
100598,IRIS,2021-03-25T14:52:00+00:00,Iris Optics to present at an industry conference next week,synthetic,1
100599,FLUX,2021-03-25T14:47:00+00:00,Flux Materials schedules its quarterly earnings call date,synthetic,1
100600,FLUX,2021-03-25T15:28:00+00:00,Flux Materials tops quarterly profit estimates as revenue growth accelerates,synthetic,1
100601,ECHO,2021-03-25T19:04:00+00:00,Echo Networks announces dividend hike and a new buyback program,synthetic,1
100602,ECHO,2021-03-25T14:25:00+00:00,Echo Networks to present at an industry conference next week,synthetic,1
100603,DYNE,2021-03-25T14:46:00+00:00,Dyne Biolabs cuts outlook as demand declines and an investigation weighs on shares,synthetic,1
100604,DYNE,2021-03-25T16:53:00+00:00,"Dyne Biolabs wins major contract, boosting order backlog to a record",synthetic,1
100605,HALO,2021-03-25T15:18:00+00:00,Halo Health announces dividend hike and a new buyback program,synthetic,1
100606,BOLT,2021-03-25T17:05:00+00:00,Bolt Energy to present at an industry conference next week,synthetic,1
100607,ACME,2021-03-25T17:41:00+00:00,Acme Robotics raises full-year guidance; analysts turn bullish,synthetic,1
100608,ACME,2021-03-25T15:14:00+00:00,Acme Robotics misses revenue estimates and warns of weak guidance,synthetic,1
100609,KILN,2021-03-26T13:36:00+00:00,Kiln Foods publishes its annual sustainability report,synthetic,1
100610,KILN,2021-03-26T14:09:00+00:00,Kiln Foods slumps on a profit warning and rising default risk,synthetic,1
100611,JOLT,2021-03-26T16:40:00+00:00,Jolt Beverages announces dividend hike and a new buyback program,synthetic,1
100612,JOLT,2021-03-26T14:04:00+00:00,Jolt Beverages shares surge after upgrade to buy on strong demand,synthetic,1
100613,GALE,2021-03-26T14:22:00+00:00,Gale Airlines cuts outlook as demand declines and an investigation weighs on shares,synthetic,1
100614,GALE,2021-03-26T18:05:00+00:00,"Gale Airlines wins major contract, boosting order backlog to a record",synthetic,1
100615,IRIS,2021-03-26T15:18:00+00:00,Iris Optics raises full-year guidance; analysts turn bullish,synthetic,1
100616,IRIS,2021-03-26T18:52:00+00:00,Iris Optics completes a previously announced facility relocation,synthetic,1
100617,BOLT,2021-03-26T14:21:00+00:00,"Bolt Energy wins major contract, boosting order backlog to a record",synthetic,1
100618,BOLT,2021-03-26T17:51:00+00:00,Bolt Energy schedules its quarterly earnings call date,synthetic,1
100619,LUMN,2021-03-26T18:12:00+00:00,Lumen Softworks schedules its quarterly earnings call date,synthetic,1
100620,CRUX,2021-03-26T13:50:00+00:00,Crux Semiconductors schedules its quarterly earnings call date,synthetic,1
100621,FLUX,2021-03-26T17:22:00+00:00,"Flux Materials faces a lawsuit and product recall, with layoffs expected",synthetic,1
100622,HALO,2021-03-26T13:42:00+00:00,Halo Health shares plunge after a downgrade on margin concerns,synthetic,1
100623,HALO,2021-03-26T18:35:00+00:00,"Halo Health faces a lawsuit and product recall, with layoffs expected",synthetic,1
100624,FLUX,2021-03-29T18:28:00+00:00,Flux Materials misses revenue estimates and warns of weak guidance,synthetic,1
100625,ACME,2021-03-29T19:05:00+00:00,Acme Robotics raises full-year guidance; analysts turn bullish,synthetic,1
100626,ACME,2021-03-29T16:27:00+00:00,Acme Robotics slumps on a profit warning and rising default risk,synthetic,1
100627,BOLT,2021-03-29T18:13:00+00:00,Bolt Energy raises full-year guidance; analysts turn bullish,synthetic,1
100628,BOLT,2021-03-29T15:41:00+00:00,Bolt Energy names a new chief operating officer,synthetic,1
100629,KILN,2021-03-29T16:28:00+00:00,Kiln Foods raises full-year guidance; analysts turn bullish,synthetic,1
100630,LUMN,2021-03-29T15:32:00+00:00,Lumen Softworks raises full-year guidance; analysts turn bullish,synthetic,1
100631,CRUX,2021-03-29T17:11:00+00:00,Crux Semiconductors to present at an industry conference next week,synthetic,1
100632,HALO,2021-03-29T15:16:00+00:00,"Halo Health faces a lawsuit and product recall, with layoffs expected",synthetic,1
100633,JOLT,2021-03-29T16:59:00+00:00,Jolt Beverages names a new chief operating officer,synthetic,1
100634,JOLT,2021-03-29T18:04:00+00:00,Jolt Beverages cuts outlook as demand declines and an investigation weighs on shares,synthetic,1
100635,HALO,2021-03-30T17:18:00+00:00,Halo Health to present at an industry conference next week,synthetic,1
100636,HALO,2021-03-30T14:06:00+00:00,Halo Health schedules its quarterly earnings call date,synthetic,1
100637,FLUX,2021-03-30T17:02:00+00:00,Flux Materials cuts outlook as demand declines and an investigation weighs on shares,synthetic,1
100638,FLUX,2021-03-30T14:53:00+00:00,Flux Materials slumps on a profit warning and rising default risk,synthetic,1
100639,ACME,2021-03-30T16:57:00+00:00,Acme Robotics raises full-year guidance; analysts turn bullish,synthetic,1
100640,ACME,2021-03-30T18:56:00+00:00,Acme Robotics shares plunge after a downgrade on margin concerns,synthetic,1
100641,GALE,2021-03-30T19:23:00+00:00,Gale Airlines slumps on a profit warning and rising default risk,synthetic,1
100642,GALE,2021-03-30T14:28:00+00:00,Gale Airlines announces dividend hike and a new buyback program,synthetic,1
100643,JOLT,2021-03-30T18:01:00+00:00,Jolt Beverages cuts outlook as demand declines and an investigation weighs on shares,synthetic,1
100644,JOLT,2021-03-30T16:20:00+00:00,"Jolt Beverages wins major contract, boosting order backlog to a record",synthetic,1
100645,DYNE,2021-03-30T17:27:00+00:00,Dyne Biolabs announces dividend hike and a new buyback program,synthetic,1
100646,DYNE,2021-03-30T18:46:00+00:00,Dyne Biolabs shares plunge after a downgrade on margin concerns,synthetic,1
100647,LUMN,2021-03-30T18:27:00+00:00,Lumen Softworks announces dividend hike and a new buyback program,synthetic,1
100648,LUMN,2021-03-30T15:22:00+00:00,Lumen Softworks tops quarterly profit estimates as revenue growth accelerates,synthetic,1
100649,ECHO,2021-03-30T17:06:00+00:00,Echo Networks cuts outlook as demand declines and an investigation weighs on shares,synthetic,1
100650,ECHO,2021-03-30T17:28:00+00:00,Echo Networks publishes its annual sustainability report,synthetic,1
100651,CRUX,2021-03-30T17:20:00+00:00,"Crux Semiconductors faces a lawsuit and product recall, with layoffs expected",synthetic,1
100652,IRIS,2021-03-30T15:04:00+00:00,Iris Optics names a new chief operating officer,synthetic,1
100653,CRUX,2021-03-31T14:15:00+00:00,Crux Semiconductors tops quarterly profit estimates as revenue growth accelerates,synthetic,1
100654,CRUX,2021-03-31T18:34:00+00:00,Crux Semiconductors publishes its annual sustainability report,synthetic,1
100655,BOLT,2021-03-31T15:45:00+00:00,Bolt Energy cuts outlook as demand declines and an investigation weighs on shares,synthetic,1
100656,BOLT,2021-03-31T14:37:00+00:00,Bolt Energy slumps on a profit warning and rising default risk,synthetic,1
100657,ECHO,2021-03-31T16:54:00+00:00,Echo Networks raises full-year guidance; analysts turn bullish,synthetic,1
100658,HALO,2021-03-31T13:57:00+00:00,"Halo Health wins major contract, boosting order backlog to a record",synthetic,1
100659,JOLT,2021-03-31T18:20:00+00:00,Jolt Beverages cuts outlook as demand declines and an investigation weighs on shares,synthetic,1
100660,JOLT,2021-03-31T15:54:00+00:00,Jolt Beverages completes a previously announced facility relocation,synthetic,1
100661,GALE,2021-03-31T18:53:00+00:00,Gale Airlines misses revenue estimates and warns of weak guidance,synthetic,1
100662,GALE,2021-03-31T18:18:00+00:00,Gale Airlines cuts outlook as demand declines and an investigation weighs on shares,synthetic,1
100663,ACME,2021-03-31T15:47:00+00:00,Acme Robotics shares plunge after a downgrade on margin concerns,synthetic,1
100664,KILN,2021-03-31T16:34:00+00:00,"Kiln Foods faces a lawsuit and product recall, with layoffs expected",synthetic,1
100665,KILN,2021-03-31T15:25:00+00:00,Kiln Foods names a new chief operating officer,synthetic,1
100666,LUMN,2021-03-31T18:34:00+00:00,Lumen Softworks announces dividend hike and a new buyback program,synthetic,1
100667,FLUX,2021-03-31T15:06:00+00:00,Flux Materials tops quarterly profit estimates as revenue growth accelerates,synthetic,1
100668,IRIS,2021-03-31T17:14:00+00:00,Iris Optics announces dividend hike and a new buyback program,synthetic,1
100669,IRIS,2021-03-31T18:45:00+00:00,Iris Optics shares plunge after a downgrade on margin concerns,synthetic,1
100670,DYNE,2021-03-31T15:51:00+00:00,Dyne Biolabs names a new chief operating officer,synthetic,1
100671,DYNE,2021-03-31T18:37:00+00:00,Dyne Biolabs raises full-year guidance; analysts turn bullish,synthetic,1
100672,ACME,2021-04-01T17:07:00+00:00,Acme Robotics shares surge after upgrade to buy on strong demand,synthetic,1
100673,ACME,2021-04-01T16:18:00+00:00,Acme Robotics names a new chief operating officer,synthetic,1
100674,HALO,2021-04-01T13:50:00+00:00,Halo Health schedules its quarterly earnings call date,synthetic,1
100675,HALO,2021-04-01T15:50:00+00:00,Halo Health schedules its quarterly earnings call date,synthetic,1
100676,DYNE,2021-04-01T16:06:00+00:00,Dyne Biolabs slumps on a profit warning and rising default risk,synthetic,1
100677,LUMN,2021-04-01T17:17:00+00:00,Lumen Softworks to present at an industry conference next week,synthetic,1
100678,LUMN,2021-04-01T14:30:00+00:00,Lumen Softworks misses revenue estimates and warns of weak guidance,synthetic,1
100679,ECHO,2021-04-01T18:05:00+00:00,"Echo Networks wins major contract, boosting order backlog to a record",synthetic,1
100680,ECHO,2021-04-01T17:23:00+00:00,Echo Networks tops quarterly profit estimates as revenue growth accelerates,synthetic,1
100681,IRIS,2021-04-01T18:06:00+00:00,Iris Optics tops quarterly profit estimates as revenue growth accelerates,synthetic,1
100682,KILN,2021-04-01T18:47:00+00:00,Kiln Foods tops quarterly profit estimates as revenue growth accelerates,synthetic,1
100683,BOLT,2021-04-01T16:35:00+00:00,"Bolt Energy wins major contract, boosting order backlog to a record",synthetic,1
100684,BOLT,2021-04-01T14:49:00+00:00,Bolt Energy shares surge after upgrade to buy on strong demand,synthetic,1
100685,FLUX,2021-04-01T17:14:00+00:00,Flux Materials schedules its quarterly earnings call date,synthetic,1
100686,FLUX,2021-04-01T15:23:00+00:00,Flux Materials to present at an industry conference next week,synthetic,1
100687,JOLT,2021-04-01T15:42:00+00:00,Jolt Beverages cuts outlook as demand declines and an investigation weighs on shares,synthetic,1
100688,JOLT,2021-04-01T14:39:00+00:00,Jolt Beverages tops quarterly profit estimates as revenue growth accelerates,synthetic,1
100689,JOLT,2021-04-02T14:15:00+00:00,Jolt Beverages cuts outlook as demand declines and an investigation weighs on shares,synthetic,1
100690,FLUX,2021-04-02T14:44:00+00:00,"Flux Materials wins major contract, boosting order backlog to a record",synthetic,1
100691,FLUX,2021-04-02T14:55:00+00:00,Flux Materials to present at an industry conference next week,synthetic,1
100692,DYNE,2021-04-02T17:55:00+00:00,Dyne Biolabs cuts outlook as demand declines and an investigation weighs on shares,synthetic,1
100693,DYNE,2021-04-02T14:45:00+00:00,Dyne Biolabs shares plunge after a downgrade on margin concerns,synthetic,1
100694,CRUX,2021-04-02T15:22:00+00:00,"Crux Semiconductors wins major contract, boosting order backlog to a record",synthetic,1
100695,HALO,2021-04-02T14:15:00+00:00,"Halo Health faces a lawsuit and product recall, with layoffs expected",synthetic,1
100696,KILN,2021-04-02T18:47:00+00:00,Kiln Foods misses revenue estimates and warns of weak guidance,synthetic,1
100697,KILN,2021-04-02T18:34:00+00:00,"Kiln Foods wins major contract, boosting order backlog to a record",synthetic,1
100698,ECHO,2021-04-02T16:40:00+00:00,Echo Networks raises full-year guidance; analysts turn bullish,synthetic,1
100699,LUMN,2021-04-02T13:46:00+00:00,Lumen Softworks schedules its quarterly earnings call date,synthetic,1
100700,GALE,2021-04-02T19:26:00+00:00,Gale Airlines names a new chief operating officer,synthetic,1
100701,IRIS,2021-04-02T18:42:00+00:00,Iris Optics shares plunge after a downgrade on margin concerns,synthetic,1
100702,ACME,2021-04-02T15:17:00+00:00,Acme Robotics cuts outlook as demand declines and an investigation weighs on shares,synthetic,1
100703,ACME,2021-04-02T18:46:00+00:00,Acme Robotics slumps on a profit warning and rising default risk,synthetic,1
100704,BOLT,2021-04-02T14:37:00+00:00,Bolt Energy misses revenue estimates and warns of weak guidance,synthetic,1
100705,BOLT,2021-04-02T17:38:00+00:00,Bolt Energy to present at an industry conference next week,synthetic,1
100706,KILN,2021-04-05T14:18:00+00:00,Kiln Foods shares surge after upgrade to buy on strong demand,synthetic,1
100707,KILN,2021-04-05T17:58:00+00:00,Kiln Foods schedules its quarterly earnings call date,synthetic,1
100708,HALO,2021-04-05T15:41:00+00:00,Halo Health slumps on a profit warning and rising default risk,synthetic,1
100709,ACME,2021-04-05T17:55:00+00:00,Acme Robotics shares plunge after a downgrade on margin concerns,synthetic,1
100710,ACME,2021-04-05T16:31:00+00:00,Acme Robotics tops quarterly profit estimates as revenue growth accelerates,synthetic,1
100711,LUMN,2021-04-05T16:40:00+00:00,Lumen Softworks cuts outlook as demand declines and an investigation weighs on shares,synthetic,1
100712,GALE,2021-04-05T14:06:00+00:00,Gale Airlines tops quarterly profit estimates as revenue growth accelerates,synthetic,1
100713,FLUX,2021-04-05T16:47:00+00:00,Flux Materials to present at an industry conference next week,synthetic,1
100714,JOLT,2021-04-05T16:12:00+00:00,"Jolt Beverages faces a lawsuit and product recall, with layoffs expected",synthetic,1
100715,JOLT,2021-04-05T16:20:00+00:00,Jolt Beverages announces dividend hike and a new buyback program,synthetic,1
100716,BOLT,2021-04-05T15:11:00+00:00,Bolt Energy slumps on a profit warning and rising default risk,synthetic,1
100717,ECHO,2021-04-05T14:28:00+00:00,Echo Networks tops quarterly profit estimates as revenue growth accelerates,synthetic,1
100718,ECHO,2021-04-05T16:27:00+00:00,Echo Networks shares plunge after a downgrade on margin concerns,synthetic,1
100719,DYNE,2021-04-05T19:16:00+00:00,Dyne Biolabs shares surge after upgrade to buy on strong demand,synthetic,1
100720,IRIS,2021-04-05T16:59:00+00:00,Iris Optics shares surge after upgrade to buy on strong demand,synthetic,1
100721,IRIS,2021-04-05T18:02:00+00:00,Iris Optics tops quarterly profit estimates as revenue growth accelerates,synthetic,1
100722,LUMN,2021-04-06T16:25:00+00:00,Lumen Softworks slumps on a profit warning and rising default risk,synthetic,1
100723,LUMN,2021-04-06T13:53:00+00:00,"Lumen Softworks wins major contract, boosting order backlog to a record",synthetic,1
100724,BOLT,2021-04-06T14:25:00+00:00,Bolt Energy to present at an industry conference next week,synthetic,1
100725,BOLT,2021-04-06T16:59:00+00:00,Bolt Energy announces dividend hike and a new buyback program,synthetic,1
100726,CRUX,2021-04-06T16:50:00+00:00,"Crux Semiconductors wins major contract, boosting order backlog to a record",synthetic,1
100727,HALO,2021-04-06T19:28:00+00:00,"Halo Health wins major contract, boosting order backlog to a record",synthetic,1
100728,HALO,2021-04-06T16:27:00+00:00,Halo Health names a new chief operating officer,synthetic,1
100729,KILN,2021-04-06T14:20:00+00:00,Kiln Foods shares surge after upgrade to buy on strong demand,synthetic,1
100730,GALE,2021-04-06T18:09:00+00:00,Gale Airlines shares plunge after a downgrade on margin concerns,synthetic,1
100731,IRIS,2021-04-06T13:47:00+00:00,Iris Optics announces dividend hike and a new buyback program,synthetic,1
100732,IRIS,2021-04-06T14:57:00+00:00,Iris Optics announces dividend hike and a new buyback program,synthetic,1
100733,ECHO,2021-04-06T14:30:00+00:00,Echo Networks names a new chief operating officer,synthetic,1
100734,ECHO,2021-04-06T17:44:00+00:00,Echo Networks to present at an industry conference next week,synthetic,1
100735,FLUX,2021-04-06T17:11:00+00:00,Flux Materials completes a previously announced facility relocation,synthetic,1
100736,JOLT,2021-04-06T15:45:00+00:00,Jolt Beverages slumps on a profit warning and rising default risk,synthetic,1
100737,JOLT,2021-04-06T18:54:00+00:00,Jolt Beverages schedules its quarterly earnings call date,synthetic,1
100738,ACME,2021-04-06T19:20:00+00:00,Acme Robotics to present at an industry conference next week,synthetic,1
100739,HALO,2021-04-07T17:08:00+00:00,"Halo Health faces a lawsuit and product recall, with layoffs expected",synthetic,1
100740,GALE,2021-04-07T16:57:00+00:00,Gale Airlines tops quarterly profit estimates as revenue growth accelerates,synthetic,1
100741,GALE,2021-04-07T16:23:00+00:00,Gale Airlines publishes its annual sustainability report,synthetic,1
100742,IRIS,2021-04-07T18:06:00+00:00,Iris Optics shares surge after upgrade to buy on strong demand,synthetic,1
100743,IRIS,2021-04-07T14:35:00+00:00,Iris Optics shares plunge after a downgrade on margin concerns,synthetic,1
100744,FLUX,2021-04-07T14:17:00+00:00,Flux Materials schedules its quarterly earnings call date,synthetic,1
100745,FLUX,2021-04-07T15:55:00+00:00,Flux Materials announces dividend hike and a new buyback program,synthetic,1
100746,DYNE,2021-04-07T19:25:00+00:00,Dyne Biolabs publishes its annual sustainability report,synthetic,1
100747,JOLT,2021-04-07T18:54:00+00:00,Jolt Beverages raises full-year guidance; analysts turn bullish,synthetic,1
100748,JOLT,2021-04-07T17:03:00+00:00,Jolt Beverages cuts outlook as demand declines and an investigation weighs on shares,synthetic,1
100749,BOLT,2021-04-07T15:02:00+00:00,Bolt Energy announces dividend hike and a new buyback program,synthetic,1
100750,ACME,2021-04-07T16:56:00+00:00,Acme Robotics shares surge after upgrade to buy on strong demand,synthetic,1
100751,ECHO,2021-04-07T13:37:00+00:00,Echo Networks names a new chief operating officer,synthetic,1
100752,BOLT,2021-04-08T16:10:00+00:00,Bolt Energy cuts outlook as demand declines and an investigation weighs on shares,synthetic,1
100753,KILN,2021-04-08T17:24:00+00:00,Kiln Foods names a new chief operating officer,synthetic,1
100754,ECHO,2021-04-08T14:00:00+00:00,Echo Networks announces dividend hike and a new buyback program,synthetic,1
100755,ECHO,2021-04-08T13:56:00+00:00,Echo Networks announces dividend hike and a new buyback program,synthetic,1
100756,ACME,2021-04-08T14:42:00+00:00,Acme Robotics announces dividend hike and a new buyback program,synthetic,1
100757,ACME,2021-04-08T13:58:00+00:00,Acme Robotics schedules its quarterly earnings call date,synthetic,1
100758,JOLT,2021-04-08T17:09:00+00:00,Jolt Beverages shares surge after upgrade to buy on strong demand,synthetic,1
100759,JOLT,2021-04-08T16:25:00+00:00,Jolt Beverages announces dividend hike and a new buyback program,synthetic,1
100760,DYNE,2021-04-08T17:38:00+00:00,Dyne Biolabs publishes its annual sustainability report,synthetic,1
100761,LUMN,2021-04-08T14:40:00+00:00,Lumen Softworks completes a previously announced facility relocation,synthetic,1
100762,LUMN,2021-04-08T15:43:00+00:00,Lumen Softworks misses revenue estimates and warns of weak guidance,synthetic,1
100763,GALE,2021-04-08T17:48:00+00:00,Gale Airlines cuts outlook as demand declines and an investigation weighs on shares,synthetic,1
100764,GALE,2021-04-08T14:04:00+00:00,Gale Airlines tops quarterly profit estimates as revenue growth accelerates,synthetic,1
100765,CRUX,2021-04-08T19:12:00+00:00,"Crux Semiconductors faces a lawsuit and product recall, with layoffs expected",synthetic,1
100766,CRUX,2021-04-08T14:23:00+00:00,Crux Semiconductors shares surge after upgrade to buy on strong demand,synthetic,1
100767,IRIS,2021-04-08T18:00:00+00:00,Iris Optics announces dividend hike and a new buyback program,synthetic,1
100768,IRIS,2021-04-08T18:21:00+00:00,"Iris Optics wins major contract, boosting order backlog to a record",synthetic,1
100769,FLUX,2021-04-08T14:56:00+00:00,Flux Materials misses revenue estimates and warns of weak guidance,synthetic,1
100770,FLUX,2021-04-08T16:45:00+00:00,Flux Materials to present at an industry conference next week,synthetic,1
100771,KILN,2021-04-09T15:18:00+00:00,Kiln Foods cuts outlook as demand declines and an investigation weighs on shares,synthetic,1
100772,HALO,2021-04-09T15:35:00+00:00,Halo Health cuts outlook as demand declines and an investigation weighs on shares,synthetic,1
100773,DYNE,2021-04-09T14:11:00+00:00,Dyne Biolabs announces dividend hike and a new buyback program,synthetic,1
100774,LUMN,2021-04-09T14:10:00+00:00,"Lumen Softworks wins major contract, boosting order backlog to a record",synthetic,1
100775,LUMN,2021-04-09T18:12:00+00:00,Lumen Softworks raises full-year guidance; analysts turn bullish,synthetic,1
100776,ACME,2021-04-09T16:35:00+00:00,Acme Robotics schedules its quarterly earnings call date,synthetic,1
100777,BOLT,2021-04-09T14:58:00+00:00,"Bolt Energy faces a lawsuit and product recall, with layoffs expected",synthetic,1
100778,BOLT,2021-04-09T15:26:00+00:00,Bolt Energy announces dividend hike and a new buyback program,synthetic,1
100779,IRIS,2021-04-09T14:35:00+00:00,"Iris Optics faces a lawsuit and product recall, with layoffs expected",synthetic,1
100780,JOLT,2021-04-09T18:44:00+00:00,Jolt Beverages to present at an industry conference next week,synthetic,1
100781,JOLT,2021-04-09T15:40:00+00:00,"Jolt Beverages faces a lawsuit and product recall, with layoffs expected",synthetic,1
100782,FLUX,2021-04-09T16:44:00+00:00,Flux Materials to present at an industry conference next week,synthetic,1
100783,GALE,2021-04-09T18:17:00+00:00,Gale Airlines to present at an industry conference next week,synthetic,1
100784,GALE,2021-04-09T19:17:00+00:00,Gale Airlines publishes its annual sustainability report,synthetic,1
100785,DYNE,2021-04-12T13:41:00+00:00,Dyne Biolabs slumps on a profit warning and rising default risk,synthetic,1
100786,ECHO,2021-04-12T19:04:00+00:00,Echo Networks slumps on a profit warning and rising default risk,synthetic,1
100787,ECHO,2021-04-12T13:50:00+00:00,Echo Networks schedules its quarterly earnings call date,synthetic,1
100788,JOLT,2021-04-12T17:56:00+00:00,Jolt Beverages shares surge after upgrade to buy on strong demand,synthetic,1
100789,JOLT,2021-04-12T14:47:00+00:00,Jolt Beverages shares surge after upgrade to buy on strong demand,synthetic,1
100790,HALO,2021-04-12T14:39:00+00:00,Halo Health raises full-year guidance; analysts turn bullish,synthetic,1
100791,HALO,2021-04-12T14:54:00+00:00,Halo Health completes a previously announced facility relocation,synthetic,1
100792,BOLT,2021-04-12T18:17:00+00:00,Bolt Energy names a new chief operating officer,synthetic,1
100793,BOLT,2021-04-12T16:58:00+00:00,"Bolt Energy faces a lawsuit and product recall, with layoffs expected",synthetic,1
100794,GALE,2021-04-12T19:23:00+00:00,Gale Airlines announces dividend hike and a new buyback program,synthetic,1
100795,CRUX,2021-04-12T14:44:00+00:00,"Crux Semiconductors wins major contract, boosting order backlog to a record",synthetic,1
100796,CRUX,2021-04-12T18:50:00+00:00,"Crux Semiconductors wins major contract, boosting order backlog to a record",synthetic,1
100797,KILN,2021-04-12T14:21:00+00:00,Kiln Foods raises full-year guidance; analysts turn bullish,synthetic,1
100798,KILN,2021-04-12T15:19:00+00:00,Kiln Foods tops quarterly profit estimates as revenue growth accelerates,synthetic,1
100799,FLUX,2021-04-12T17:39:00+00:00,Flux Materials publishes its annual sustainability report,synthetic,1
100800,LUMN,2021-04-12T14:44:00+00:00,Lumen Softworks cuts outlook as demand declines and an investigation weighs on shares,synthetic,1
100801,LUMN,2021-04-12T18:54:00+00:00,Lumen Softworks announces dividend hike and a new buyback program,synthetic,1
100802,IRIS,2021-04-12T14:44:00+00:00,Iris Optics slumps on a profit warning and rising default risk,synthetic,1
100803,IRIS,2021-04-12T14:30:00+00:00,Iris Optics completes a previously announced facility relocation,synthetic,1
100804,ACME,2021-04-12T17:27:00+00:00,Acme Robotics announces dividend hike and a new buyback program,synthetic,1
100805,ACME,2021-04-12T16:20:00+00:00,Acme Robotics shares surge after upgrade to buy on strong demand,synthetic,1
100806,ACME,2021-04-13T17:40:00+00:00,Acme Robotics slumps on a profit warning and rising default risk,synthetic,1
100807,ACME,2021-04-13T17:12:00+00:00,Acme Robotics shares plunge after a downgrade on margin concerns,synthetic,1
100808,KILN,2021-04-13T18:54:00+00:00,Kiln Foods completes a previously announced facility relocation,synthetic,1
100809,KILN,2021-04-13T15:08:00+00:00,"Kiln Foods faces a lawsuit and product recall, with layoffs expected",synthetic,1
100810,FLUX,2021-04-13T14:57:00+00:00,Flux Materials publishes its annual sustainability report,synthetic,1
100811,HALO,2021-04-13T15:16:00+00:00,Halo Health tops quarterly profit estimates as revenue growth accelerates,synthetic,1
100812,HALO,2021-04-13T18:44:00+00:00,Halo Health raises full-year guidance; analysts turn bullish,synthetic,1
100813,GALE,2021-04-13T17:18:00+00:00,Gale Airlines announces dividend hike and a new buyback program,synthetic,1
100814,BOLT,2021-04-13T16:14:00+00:00,Bolt Energy tops quarterly profit estimates as revenue growth accelerates,synthetic,1
100815,BOLT,2021-04-13T14:53:00+00:00,"Bolt Energy faces a lawsuit and product recall, with layoffs expected",synthetic,1
100816,CRUX,2021-04-13T17:36:00+00:00,Crux Semiconductors shares surge after upgrade to buy on strong demand,synthetic,1
100817,JOLT,2021-04-13T14:10:00+00:00,Jolt Beverages misses revenue estimates and warns of weak guidance,synthetic,1
100818,IRIS,2021-04-13T14:34:00+00:00,"Iris Optics wins major contract, boosting order backlog to a record",synthetic,1
100819,IRIS,2021-04-14T14:31:00+00:00,Iris Optics misses revenue estimates and warns of weak guidance,synthetic,1
100820,IRIS,2021-04-14T17:43:00+00:00,Iris Optics shares plunge after a downgrade on margin concerns,synthetic,1
100821,CRUX,2021-04-14T14:54:00+00:00,Crux Semiconductors completes a previously announced facility relocation,synthetic,1
100822,CRUX,2021-04-14T14:12:00+00:00,Crux Semiconductors names a new chief operating officer,synthetic,1
100823,DYNE,2021-04-14T18:37:00+00:00,Dyne Biolabs cuts outlook as demand declines and an investigation weighs on shares,synthetic,1
100824,DYNE,2021-04-14T19:01:00+00:00,Dyne Biolabs slumps on a profit warning and rising default risk,synthetic,1
100825,LUMN,2021-04-14T15:28:00+00:00,Lumen Softworks publishes its annual sustainability report,synthetic,1
100826,LUMN,2021-04-14T18:47:00+00:00,Lumen Softworks shares plunge after a downgrade on margin concerns,synthetic,1
100827,ACME,2021-04-14T18:51:00+00:00,Acme Robotics schedules its quarterly earnings call date,synthetic,1
100828,GALE,2021-04-14T15:48:00+00:00,Gale Airlines misses revenue estimates and warns of weak guidance,synthetic,1
100829,GALE,2021-04-14T17:45:00+00:00,"Gale Airlines wins major contract, boosting order backlog to a record",synthetic,1
100830,HALO,2021-04-14T15:10:00+00:00,Halo Health cuts outlook as demand declines and an investigation weighs on shares,synthetic,1
100831,HALO,2021-04-14T18:12:00+00:00,Halo Health tops quarterly profit estimates as revenue growth accelerates,synthetic,1
100832,JOLT,2021-04-14T16:13:00+00:00,Jolt Beverages shares plunge after a downgrade on margin concerns,synthetic,1
100833,KILN,2021-04-14T15:56:00+00:00,"Kiln Foods faces a lawsuit and product recall, with layoffs expected",synthetic,1
100834,FLUX,2021-04-14T17:49:00+00:00,Flux Materials slumps on a profit warning and rising default risk,synthetic,1
100835,FLUX,2021-04-14T16:10:00+00:00,"Flux Materials wins major contract, boosting order backlog to a record",synthetic,1
100836,BOLT,2021-04-15T14:53:00+00:00,"Bolt Energy faces a lawsuit and product recall, with layoffs expected",synthetic,1
100837,GALE,2021-04-15T13:40:00+00:00,Gale Airlines cuts outlook as demand declines and an investigation weighs on shares,synthetic,1
100838,GALE,2021-04-15T13:59:00+00:00,Gale Airlines tops quarterly profit estimates as revenue growth accelerates,synthetic,1
100839,JOLT,2021-04-15T18:23:00+00:00,Jolt Beverages shares plunge after a downgrade on margin concerns,synthetic,1
100840,KILN,2021-04-15T14:09:00+00:00,"Kiln Foods faces a lawsuit and product recall, with layoffs expected",synthetic,1
100841,KILN,2021-04-15T18:15:00+00:00,"Kiln Foods wins major contract, boosting order backlog to a record",synthetic,1
100842,HALO,2021-04-15T19:10:00+00:00,Halo Health names a new chief operating officer,synthetic,1
100843,FLUX,2021-04-15T14:35:00+00:00,Flux Materials tops quarterly profit estimates as revenue growth accelerates,synthetic,1
100844,LUMN,2021-04-15T17:10:00+00:00,Lumen Softworks completes a previously announced facility relocation,synthetic,1
100845,LUMN,2021-04-15T17:05:00+00:00,Lumen Softworks schedules its quarterly earnings call date,synthetic,1
100846,ACME,2021-04-15T13:47:00+00:00,Acme Robotics announces dividend hike and a new buyback program,synthetic,1
100847,ACME,2021-04-15T19:28:00+00:00,Acme Robotics cuts outlook as demand declines and an investigation weighs on shares,synthetic,1
100848,BOLT,2021-04-16T17:47:00+00:00,Bolt Energy announces dividend hike and a new buyback program,synthetic,1
100849,FLUX,2021-04-16T16:26:00+00:00,Flux Materials slumps on a profit warning and rising default risk,synthetic,1
100850,KILN,2021-04-16T18:51:00+00:00,Kiln Foods shares surge after upgrade to buy on strong demand,synthetic,1
100851,KILN,2021-04-16T17:18:00+00:00,Kiln Foods to present at an industry conference next week,synthetic,1
100852,IRIS,2021-04-16T17:53:00+00:00,Iris Optics cuts outlook as demand declines and an investigation weighs on shares,synthetic,1
100853,LUMN,2021-04-16T17:41:00+00:00,Lumen Softworks misses revenue estimates and warns of weak guidance,synthetic,1
100854,DYNE,2021-04-16T18:08:00+00:00,Dyne Biolabs raises full-year guidance; analysts turn bullish,synthetic,1
100855,DYNE,2021-04-16T14:58:00+00:00,Dyne Biolabs tops quarterly profit estimates as revenue growth accelerates,synthetic,1
100856,CRUX,2021-04-16T14:01:00+00:00,Crux Semiconductors announces dividend hike and a new buyback program,synthetic,1
100857,CRUX,2021-04-16T16:39:00+00:00,"Crux Semiconductors wins major contract, boosting order backlog to a record",synthetic,1
100858,ACME,2021-04-16T19:04:00+00:00,Acme Robotics schedules its quarterly earnings call date,synthetic,1
100859,GALE,2021-04-16T18:48:00+00:00,Gale Airlines completes a previously announced facility relocation,synthetic,1
100860,GALE,2021-04-16T14:25:00+00:00,Gale Airlines shares plunge after a downgrade on margin concerns,synthetic,1
